ledger_id,property_id,year_month,revenue,expenses,noi
LED00001,P001,2022-01,2700.0,0,2700.0
LED00002,P001,2022-02,2700.0,0,2700.0
LED00003,P001,2022-03,2700.0,0,2700.0
LED00004,P001,2022-04,2700.0,0,2700.0
LED00005,P001,2022-05,2700.0,0,2700.0
LED00006,P001,2022-06,2700.0,0,2700.0
LED00007,P001,2022-07,7100.0,0,7100.0
LED00008,P001,2022-08,7100.0,0,7100.0
LED00009,P001,2022-09,7100.0,0,7100.0
LED00010,P001,2022-10,7100.0,0,7100.0
LED00011,P001,2022-11,7100.0,0,7100.0
LED00012,P001,2022-12,7100.0,0,7100.0
LED00013,P001,2023-01,4400.0,0,4400.0
LED00014,P001,2023-02,4400.0,0,4400.0
LED00015,P001,2023-03,4400.0,0,4400.0
LED00016,P001,2023-04,4400.0,0,4400.0
LED00017,P001,2023-05,4400.0,0,4400.0
LED00018,P001,2023-06,4400.0,0,4400.0
LED00019,P001,2024-06,0,7774.83,-7774.83
LED00020,P001,2024-07,0,8513.52,-8513.52
LED00021,P001,2024-08,0,2604.68,-2604.68
LED00022,P001,2024-09,0,2844.85,-2844.85
LED00023,P001,2024-10,0,4886.69,-4886.69
LED00024,P001,2024-11,0,9075.99,-9075.99
LED00025,P001,2024-12,0,2390.51,-2390.51
LED00026,P001,2025-01,0,1835.51,-1835.51
LED00027,P001,2025-03,0,2708.46,-2708.46
LED00028,P001,2025-05,0,2597.71,-2597.71
LED00029,P001,2025-06,0,1758.33,-1758.33
LED00030,P002,2022-02,1200.0,0,1200.0
LED00031,P002,2022-03,1200.0,0,1200.0
LED00032,P002,2022-04,1200.0,0,1200.0
LED00033,P002,2022-05,1200.0,0,1200.0
LED00034,P002,2022-06,1200.0,0,1200.0
LED00035,P002,2022-07,1200.0,0,1200.0
LED00036,P002,2022-08,1200.0,0,1200.0
LED00037,P002,2022-09,2210.0,0,2210.0
LED00038,P002,2022-10,2210.0,0,2210.0
LED00039,P002,2022-11,4410.0,0,4410.0
LED00040,P002,2022-12,4410.0,0,4410.0
LED00041,P002,2023-01,10660.0,0,10660.0
LED00042,P002,2023-02,8450.0,0,8450.0
LED00043,P002,2023-03,7680.0,0,7680.0
LED00044,P002,2023-04,9490.0,0,9490.0
LED00045,P002,2023-05,9460.0,0,9460.0
LED00046,P002,2023-06,6620.0,0,6620.0
LED00047,P002,2023-07,9400.0,0,9400.0
LED00048,P002,2023-08,7710.0,0,7710.0
LED00049,P002,2023-09,9480.0,0,9480.0
LED00050,P002,2023-10,7280.0,0,7280.0
LED00051,P002,2023-11,7280.0,0,7280.0
LED00052,P002,2023-12,7280.0,0,7280.0
LED00053,P002,2024-01,2720.0,0,2720.0
LED00054,P002,2024-02,2720.0,0,2720.0
LED00055,P002,2024-03,5510.0,0,5510.0
LED00056,P002,2024-04,3790.0,0,3790.0
LED00057,P002,2024-05,8950.0,0,8950.0
LED00058,P002,2024-06,11230.0,10779.04,450.96
LED00059,P002,2024-07,11230.0,9421.78,1808.22
LED00060,P002,2024-08,10850.0,9327.63,1522.37
LED00061,P002,2024-09,12230.0,0,12230.0
LED00062,P002,2024-10,9280.0,0,9280.0
LED00063,P002,2024-11,14150.0,1745.56,12404.44
LED00064,P002,2024-12,14150.0,15752.41,-1602.41
LED00065,P002,2025-01,11870.0,10169.66,1700.34
LED00066,P002,2025-02,11870.0,2316.48,9553.52
LED00067,P002,2025-03,8460.0,7508.96,951.04
LED00068,P002,2025-04,8460.0,11582.48,-3122.48
LED00069,P002,2025-05,3300.0,15098.52,-11798.52
LED00070,P002,2025-06,3300.0,2763.66,536.34
LED00071,P003,2022-03,1780.0,0,1780.0
LED00072,P003,2022-04,1780.0,0,1780.0
LED00073,P003,2022-05,1780.0,0,1780.0
LED00074,P003,2022-06,1780.0,0,1780.0
LED00075,P003,2022-07,6150.0,0,6150.0
LED00076,P003,2022-08,6150.0,0,6150.0
LED00077,P003,2022-09,6150.0,0,6150.0
LED00078,P003,2022-10,6150.0,0,6150.0
LED00079,P003,2022-11,9070.0,0,9070.0
LED00080,P003,2022-12,9070.0,0,9070.0
LED00081,P003,2023-01,9070.0,0,9070.0
LED00082,P003,2023-02,12060.0,0,12060.0
LED00083,P003,2023-03,7290.0,0,7290.0
LED00084,P003,2023-04,7290.0,0,7290.0
LED00085,P003,2023-05,14490.0,0,14490.0
LED00086,P003,2023-06,14490.0,0,14490.0
LED00087,P003,2023-07,7130.0,0,7130.0
LED00088,P003,2023-08,10120.0,0,10120.0
LED00089,P003,2023-09,7130.0,0,7130.0
LED00090,P003,2023-10,6130.0,0,6130.0
LED00091,P003,2023-11,6130.0,0,6130.0
LED00092,P003,2023-12,4860.0,0,4860.0
LED00093,P003,2024-01,7510.0,0,7510.0
LED00094,P003,2024-02,7510.0,0,7510.0
LED00095,P003,2024-03,7510.0,0,7510.0
LED00096,P003,2024-04,7510.0,0,7510.0
LED00097,P003,2024-05,7230.0,0,7230.0
LED00098,P003,2024-06,7230.0,8081.93,-851.93
LED00099,P003,2024-07,7230.0,6221.52,1008.48
LED00100,P003,2024-08,7230.0,3181.59,4048.41
LED00101,P003,2024-09,7230.0,2728.93,4501.07
LED00102,P003,2024-10,5310.0,11118.14,-5808.14
LED00103,P003,2024-11,5310.0,1285.67,4024.33
LED00104,P003,2024-12,2650.0,5823.37,-3173.37
LED00105,P003,2025-01,0,8343.21,-8343.21
LED00106,P003,2025-02,0,5655.92,-5655.92
LED00107,P003,2025-03,0,6825.25,-6825.25
LED00108,P003,2025-04,0,4171.0,-4171.0
LED00109,P003,2025-05,0,1729.92,-1729.92
LED00110,P004,2022-01,2770.0,0,2770.0
LED00111,P004,2022-02,2770.0,0,2770.0
LED00112,P004,2022-03,2770.0,0,2770.0
LED00113,P004,2022-04,2770.0,0,2770.0
LED00114,P004,2022-05,2770.0,0,2770.0
LED00115,P004,2022-06,2770.0,0,2770.0
LED00116,P004,2022-07,2770.0,0,2770.0
LED00117,P004,2022-08,2770.0,0,2770.0
LED00118,P004,2022-09,4590.0,0,4590.0
LED00119,P004,2022-10,1820.0,0,1820.0
LED00120,P004,2022-11,4590.0,0,4590.0
LED00121,P004,2022-12,4590.0,0,4590.0
LED00122,P004,2023-01,1820.0,0,1820.0
LED00123,P004,2023-02,1820.0,0,1820.0
LED00124,P004,2023-03,3530.0,0,3530.0
LED00125,P004,2023-04,3530.0,0,3530.0
LED00126,P004,2023-05,3530.0,0,3530.0
LED00127,P004,2023-06,3530.0,0,3530.0
LED00128,P004,2023-07,3530.0,0,3530.0
LED00129,P004,2023-08,1710.0,0,1710.0
LED00130,P004,2023-09,1710.0,0,1710.0
LED00131,P004,2023-10,1710.0,0,1710.0
LED00132,P004,2023-11,1710.0,0,1710.0
LED00133,P004,2023-12,1710.0,0,1710.0
LED00134,P004,2024-01,1710.0,0,1710.0
LED00135,P004,2024-02,1710.0,0,1710.0
LED00136,P004,2024-07,0,5176.26,-5176.26
LED00137,P004,2024-08,0,2428.89,-2428.89
LED00138,P004,2024-10,0,2591.83,-2591.83
LED00139,P004,2024-11,0,3028.62,-3028.62
LED00140,P004,2024-12,0,2535.06,-2535.06
LED00141,P004,2025-05,0,2633.19,-2633.19
LED00142,P005,2022-07,3840.0,0,3840.0
LED00143,P005,2022-08,3840.0,0,3840.0
LED00144,P005,2022-09,9570.0,0,9570.0
LED00145,P005,2022-10,9570.0,0,9570.0
LED00146,P005,2022-11,9570.0,0,9570.0
LED00147,P005,2022-12,7020.0,0,7020.0
LED00148,P005,2023-01,7800.0,0,7800.0
LED00149,P005,2023-02,7800.0,0,7800.0
LED00150,P005,2023-03,13130.0,0,13130.0
LED00151,P005,2023-04,13130.0,0,13130.0
LED00152,P005,2023-05,13130.0,0,13130.0
LED00153,P005,2023-06,13130.0,0,13130.0
LED00154,P005,2023-07,11060.0,0,11060.0
LED00155,P005,2023-08,11060.0,0,11060.0
LED00156,P005,2023-09,5330.0,0,5330.0
LED00157,P005,2023-10,5330.0,0,5330.0
LED00158,P005,2023-11,7160.0,0,7160.0
LED00159,P005,2023-12,7160.0,0,7160.0
LED00160,P005,2024-01,10090.0,0,10090.0
LED00161,P005,2024-02,14780.0,0,14780.0
LED00162,P005,2024-03,11680.0,0,11680.0
LED00163,P005,2024-04,13680.0,0,13680.0
LED00164,P005,2024-05,16390.0,0,16390.0
LED00165,P005,2024-06,14560.0,5636.73,8923.27
LED00166,P005,2024-07,14560.0,14592.04,-32.04
LED00167,P005,2024-08,14560.0,8167.16,6392.84
LED00168,P005,2024-09,16160.0,12924.74,3235.26
LED00169,P005,2024-10,13930.0,5028.57,8901.43
LED00170,P005,2024-11,13450.0,3280.95,10169.05
LED00171,P005,2024-12,16160.0,7231.27,8928.73
LED00172,P005,2025-01,13230.0,2748.14,10481.86
LED00173,P005,2025-02,8540.0,14875.24,-6335.24
LED00174,P005,2025-03,6310.0,6136.91,173.09
LED00175,P005,2025-04,4310.0,0,4310.0
LED00176,P005,2025-05,1600.0,6090.59,-4490.59
LED00177,P005,2025-06,1600.0,2788.58,-1188.58
LED00178,P006,2022-07,2320.0,0,2320.0
LED00179,P006,2022-09,4910.0,0,4910.0
LED00180,P006,2022-10,4910.0,0,4910.0
LED00181,P006,2022-11,4910.0,0,4910.0
LED00182,P006,2022-12,2590.0,0,2590.0
LED00183,P006,2023-01,7190.0,0,7190.0
LED00184,P006,2023-02,4870.0,0,4870.0
LED00185,P006,2023-03,7190.0,0,7190.0
LED00186,P006,2023-04,9430.0,0,9430.0
LED00187,P006,2023-05,9430.0,0,9430.0
LED00188,P006,2023-06,9430.0,0,9430.0
LED00189,P006,2023-07,7110.0,0,7110.0
LED00190,P006,2023-08,7110.0,0,7110.0
LED00191,P006,2023-09,4520.0,0,4520.0
LED00192,P006,2023-10,4520.0,0,4520.0
LED00193,P006,2023-11,4520.0,0,4520.0
LED00194,P006,2023-12,4520.0,0,4520.0
LED00195,P006,2024-01,5020.0,0,5020.0
LED00196,P006,2024-02,7920.0,0,7920.0
LED00197,P006,2024-03,5680.0,0,5680.0
LED00198,P006,2024-04,5680.0,0,5680.0
LED00199,P006,2024-05,5680.0,0,5680.0
LED00200,P006,2024-06,5680.0,1713.99,3966.01
LED00201,P006,2024-07,5680.0,4504.54,1175.46
LED00202,P006,2024-08,5680.0,2930.9,2749.1
LED00203,P006,2024-09,5680.0,0,5680.0
LED00204,P006,2024-10,5680.0,0,5680.0
LED00205,P006,2024-11,5680.0,7672.82,-1992.82
LED00206,P006,2024-12,5680.0,6228.77,-548.77
LED00207,P006,2025-01,2900.0,4188.57,-1288.57
LED00208,P006,2025-03,0,1981.78,-1981.78
LED00209,P007,2022-02,3000.0,0,3000.0
LED00210,P007,2022-03,3000.0,0,3000.0
LED00211,P007,2022-04,4400.0,0,4400.0
LED00212,P007,2022-05,4400.0,0,4400.0
LED00213,P007,2022-06,4400.0,0,4400.0
LED00214,P007,2022-07,7610.0,0,7610.0
LED00215,P007,2022-08,7610.0,0,7610.0
LED00216,P007,2022-09,7610.0,0,7610.0
LED00217,P007,2022-10,7610.0,0,7610.0
LED00218,P007,2022-11,7610.0,0,7610.0
LED00219,P007,2022-12,10530.0,0,10530.0
LED00220,P007,2023-01,12640.0,0,12640.0
LED00221,P007,2023-02,9640.0,0,9640.0
LED00222,P007,2023-03,9640.0,0,9640.0
LED00223,P007,2023-04,10900.0,0,10900.0
LED00224,P007,2023-05,10900.0,0,10900.0
LED00225,P007,2023-06,10900.0,0,10900.0
LED00226,P007,2023-07,10280.0,0,10280.0
LED00227,P007,2023-08,15650.0,0,15650.0
LED00228,P007,2023-09,16990.0,0,16990.0
LED00229,P007,2023-10,16990.0,0,16990.0
LED00230,P007,2023-11,18150.0,0,18150.0
LED00231,P007,2023-12,19190.0,0,19190.0
LED00232,P007,2024-01,16260.0,0,16260.0
LED00233,P007,2024-02,21500.0,0,21500.0
LED00234,P007,2024-03,21190.0,0,21190.0
LED00235,P007,2024-04,19320.0,0,19320.0
LED00236,P007,2024-05,26490.0,0,26490.0
LED00237,P007,2024-06,22670.0,5555.3,17114.7
LED00238,P007,2024-07,20080.0,13116.5,6963.5
LED00239,P007,2024-08,17320.0,14059.39,3260.61
LED00240,P007,2024-09,15060.0,19463.65,-4403.65
LED00241,P007,2024-10,18440.0,8851.48,9588.52
LED00242,P007,2024-11,19040.0,20187.1,-1147.1
LED00243,P007,2024-12,15080.0,22595.46,-7515.46
LED00244,P007,2025-01,13290.0,13487.46,-197.46
LED00245,P007,2025-02,10660.0,10635.43,24.57
LED00246,P007,2025-03,8360.0,14843.95,-6483.95
LED00247,P007,2025-04,8360.0,13369.5,-5009.5
LED00248,P007,2025-05,3830.0,9485.21,-5655.21
LED00249,P007,2025-06,3830.0,2836.57,993.43
LED00250,P008,2024-06,5200.0,0,5200.0
LED00251,P008,2024-07,5200.0,0,5200.0
LED00252,P008,2024-08,5200.0,0,5200.0
LED00253,P008,2024-09,5200.0,4533.22,666.78
LED00254,P008,2024-10,5200.0,2687.32,2512.68
LED00255,P008,2024-11,5200.0,0,5200.0
LED00256,P008,2024-12,5200.0,0,5200.0
LED00257,P008,2025-01,5200.0,0,5200.0
LED00258,P008,2025-02,5200.0,0,5200.0
LED00259,P008,2025-05,5200.0,0,5200.0
LED00260,P009,2022-06,1260.0,0,1260.0
LED00261,P009,2022-07,3460.0,0,3460.0
LED00262,P009,2022-08,5740.0,0,5740.0
LED00263,P009,2022-09,7700.0,0,7700.0
LED00264,P009,2022-10,10770.0,0,10770.0
LED00265,P009,2022-11,10770.0,0,10770.0
LED00266,P009,2022-12,10770.0,0,10770.0
LED00267,P009,2023-01,10770.0,0,10770.0
LED00268,P009,2023-02,12160.0,0,12160.0
LED00269,P009,2023-03,12160.0,0,12160.0
LED00270,P009,2023-04,12160.0,0,12160.0
LED00271,P009,2023-05,12160.0,0,12160.0
LED00272,P009,2023-06,12840.0,0,12840.0
LED00273,P009,2023-07,10640.0,0,10640.0
LED00274,P009,2023-08,8360.0,0,8360.0
LED00275,P009,2023-09,8180.0,0,8180.0
LED00276,P009,2023-10,5110.0,0,5110.0
LED00277,P009,2023-11,9300.0,0,9300.0
LED00278,P009,2023-12,9300.0,0,9300.0
LED00279,P009,2024-01,7360.0,0,7360.0
LED00280,P009,2024-02,5970.0,0,5970.0
LED00281,P009,2024-03,7370.0,0,7370.0
LED00282,P009,2024-04,7080.0,0,7080.0
LED00283,P009,2024-05,7080.0,0,7080.0
LED00284,P009,2024-06,4910.0,11237.65,-6327.65
LED00285,P009,2024-07,4910.0,7481.85,-2571.85
LED00286,P009,2024-08,4910.0,3411.3,1498.7
LED00287,P009,2024-09,6780.0,6010.53,769.47
LED00288,P009,2024-10,3510.0,4498.05,-988.05
LED00289,P009,2024-11,1870.0,2847.6,-977.6
LED00290,P009,2024-12,1870.0,2613.4,-743.4
LED00291,P009,2025-01,1870.0,3918.56,-2048.56
LED00292,P009,2025-02,1870.0,4564.0,-2694.0
LED00293,P009,2025-03,1870.0,1848.37,21.63
LED00294,P009,2025-04,0,13264.08,-13264.08
LED00295,P009,2025-05,0,10225.68,-10225.68
LED00296,P009,2025-06,0,2716.64,-2716.64
LED00297,P010,2022-03,2450.0,0,2450.0
LED00298,P010,2022-04,4090.0,0,4090.0
LED00299,P010,2022-05,4090.0,0,4090.0
LED00300,P010,2022-06,4090.0,0,4090.0
LED00301,P010,2022-07,4090.0,0,4090.0
LED00302,P010,2022-08,5880.0,0,5880.0
LED00303,P010,2022-09,8930.0,0,8930.0
LED00304,P010,2022-10,7290.0,0,7290.0
LED00305,P010,2022-11,8930.0,0,8930.0
LED00306,P010,2022-12,8930.0,0,8930.0
LED00307,P010,2023-01,8930.0,0,8930.0
LED00308,P010,2023-02,11290.0,0,11290.0
LED00309,P010,2023-03,8840.0,0,8840.0
LED00310,P010,2023-04,7200.0,0,7200.0
LED00311,P010,2023-05,7200.0,0,7200.0
LED00312,P010,2023-06,7200.0,0,7200.0
LED00313,P010,2023-07,7200.0,0,7200.0
LED00314,P010,2023-08,5410.0,0,5410.0
LED00315,P010,2023-09,2360.0,0,2360.0
LED00316,P010,2023-10,2360.0,0,2360.0
LED00317,P010,2023-11,2360.0,0,2360.0
LED00318,P010,2023-12,7970.0,0,7970.0
LED00319,P010,2024-01,11820.0,0,11820.0
LED00320,P010,2024-02,9460.0,0,9460.0
LED00321,P010,2024-03,9460.0,0,9460.0
LED00322,P010,2024-04,10630.0,0,10630.0
LED00323,P010,2024-05,13780.0,0,13780.0
LED00324,P010,2024-06,11370.0,0,11370.0
LED00325,P010,2024-07,16060.0,3314.96,12745.04
LED00326,P010,2024-08,12210.0,8829.34,3380.66
LED00327,P010,2024-09,12210.0,8277.01,3932.99
LED00328,P010,2024-10,12210.0,6921.56,5288.44
LED00329,P010,2024-11,11250.0,8472.64,2777.36
LED00330,P010,2024-12,6600.0,1583.23,5016.77
LED00331,P010,2025-01,6600.0,5373.53,1226.47
LED00332,P010,2025-02,5280.0,3051.12,2228.88
LED00333,P010,2025-03,5280.0,11411.29,-6131.29
LED00334,P010,2025-04,4110.0,15442.1,-11332.1
LED00335,P010,2025-05,960.0,11225.11,-10265.11
LED00336,P010,2025-06,960.0,0,960.0
LED00337,P011,2024-04,5200.0,0,5200.0
LED00338,P011,2024-05,5200.0,0,5200.0
LED00339,P011,2024-06,5200.0,0,5200.0
LED00340,P011,2024-07,5200.0,659.59,4540.41
LED00341,P011,2024-08,5200.0,0,5200.0
LED00342,P011,2024-09,5200.0,0,5200.0
LED00343,P011,2024-10,5200.0,0,5200.0
LED00344,P011,2025-04,0,2581.07,-2581.07
LED00345,P011,2025-05,0,2813.13,-2813.13
LED00346,P012,2022-01,3070.0,0,3070.0
LED00347,P012,2022-02,3070.0,0,3070.0
LED00348,P012,2022-03,3070.0,0,3070.0
LED00349,P012,2022-04,7080.0,0,7080.0
LED00350,P012,2022-05,7080.0,0,7080.0
LED00351,P012,2022-06,13010.0,0,13010.0
LED00352,P012,2022-07,17260.0,0,17260.0
LED00353,P012,2022-08,17260.0,0,17260.0
LED00354,P012,2022-09,17260.0,0,17260.0
LED00355,P012,2022-10,16000.0,0,16000.0
LED00356,P012,2022-11,19010.0,0,19010.0
LED00357,P012,2022-12,21430.0,0,21430.0
LED00358,P012,2023-01,19750.0,0,19750.0
LED00359,P012,2023-02,17800.0,0,17800.0
LED00360,P012,2023-03,12350.0,0,12350.0
LED00361,P012,2023-04,18080.0,0,18080.0
LED00362,P012,2023-05,18080.0,0,18080.0
LED00363,P012,2023-06,17430.0,0,17430.0
LED00364,P012,2023-07,16110.0,0,16110.0
LED00365,P012,2023-08,14170.0,0,14170.0
LED00366,P012,2023-09,19490.0,0,19490.0
LED00367,P012,2023-10,20720.0,0,20720.0
LED00368,P012,2023-11,14680.0,0,14680.0
LED00369,P012,2023-12,14680.0,0,14680.0
LED00370,P012,2024-01,12380.0,0,12380.0
LED00371,P012,2024-02,17430.0,0,17430.0
LED00372,P012,2024-03,20060.0,0,20060.0
LED00373,P012,2024-04,25260.0,0,25260.0
LED00374,P012,2024-05,21670.0,0,21670.0
LED00375,P012,2024-06,26810.0,11124.96,15685.04
LED00376,P012,2024-07,29080.0,18684.26,10395.74
LED00377,P012,2024-08,26580.0,22238.93,4341.07
LED00378,P012,2024-09,28080.0,31628.82,-3548.82
LED00379,P012,2024-10,30730.0,14711.7,16018.3
LED00380,P012,2024-11,26810.0,19261.38,7548.62
LED00381,P012,2024-12,23820.0,19331.28,4488.72
LED00382,P012,2025-01,19950.0,32301.23,-12351.23
LED00383,P012,2025-02,17650.0,16555.82,1094.18
LED00384,P012,2025-03,15020.0,23449.31,-8429.31
LED00385,P012,2025-04,12270.0,27613.74,-15343.74
LED00386,P012,2025-05,12270.0,19452.43,-7182.43
LED00387,P012,2025-06,9840.0,2264.53,7575.47
LED00388,P013,2022-10,2970.0,0,2970.0
LED00389,P013,2022-11,2970.0,0,2970.0
LED00390,P013,2022-12,2970.0,0,2970.0
LED00391,P013,2023-01,2970.0,0,2970.0
LED00392,P013,2023-02,2970.0,0,2970.0
LED00393,P013,2023-03,2970.0,0,2970.0
LED00394,P013,2023-04,2970.0,0,2970.0
LED00395,P013,2023-05,4050.0,0,4050.0
LED00396,P013,2023-06,2970.0,0,2970.0
LED00397,P013,2023-07,4050.0,0,4050.0
LED00398,P013,2023-08,5790.0,0,5790.0
LED00399,P013,2023-09,5790.0,0,5790.0
LED00400,P013,2023-10,2820.0,0,2820.0
LED00401,P013,2023-11,2820.0,0,2820.0
LED00402,P013,2023-12,2820.0,0,2820.0
LED00403,P013,2024-02,2820.0,0,2820.0
LED00404,P013,2024-03,4770.0,0,4770.0
LED00405,P013,2024-04,4770.0,0,4770.0
LED00406,P013,2024-05,3690.0,0,3690.0
LED00407,P013,2024-06,3690.0,2395.27,1294.73
LED00408,P013,2024-07,3690.0,0,3690.0
LED00409,P013,2024-08,1950.0,2948.8,-998.8
LED00410,P013,2024-09,1950.0,0,1950.0
LED00411,P013,2024-10,1950.0,0,1950.0
LED00412,P013,2024-11,1950.0,1861.29,88.71
LED00413,P013,2024-12,1950.0,0,1950.0
LED00414,P013,2025-01,1950.0,5775.84,-3825.84
LED00415,P013,2025-02,1950.0,1922.98,27.02
LED00416,P013,2025-04,0,6100.21,-6100.21
LED00417,P013,2025-05,0,1691.88,-1691.88
LED00418,P013,2025-06,0,1507.85,-1507.85
LED00419,P014,2022-01,4940.0,0,4940.0
LED00420,P014,2022-02,7720.0,0,7720.0
LED00421,P014,2022-03,7720.0,0,7720.0
LED00422,P014,2022-04,9740.0,0,9740.0
LED00423,P014,2022-05,9740.0,0,9740.0
LED00424,P014,2022-06,9740.0,0,9740.0
LED00425,P014,2022-07,9740.0,0,9740.0
LED00426,P014,2022-08,9600.0,0,9600.0
LED00427,P014,2022-09,14930.0,0,14930.0
LED00428,P014,2022-10,14930.0,0,14930.0
LED00429,P014,2022-11,14930.0,0,14930.0
LED00430,P014,2022-12,16590.0,0,16590.0
LED00431,P014,2023-01,13500.0,0,13500.0
LED00432,P014,2023-02,10720.0,0,10720.0
LED00433,P014,2023-03,13420.0,0,13420.0
LED00434,P014,2023-04,11620.0,0,11620.0
LED00435,P014,2023-05,10030.0,0,10030.0
LED00436,P014,2023-06,11620.0,0,11620.0
LED00437,P014,2023-07,11620.0,0,11620.0
LED00438,P014,2023-08,13480.0,0,13480.0
LED00439,P014,2023-09,10770.0,0,10770.0
LED00440,P014,2023-10,9630.0,0,9630.0
LED00441,P014,2023-11,9630.0,0,9630.0
LED00442,P014,2023-12,10760.0,0,10760.0
LED00443,P014,2024-01,13090.0,0,13090.0
LED00444,P014,2024-02,15930.0,0,15930.0
LED00445,P014,2024-03,14340.0,0,14340.0
LED00446,P014,2024-04,15360.0,0,15360.0
LED00447,P014,2024-05,14460.0,0,14460.0
LED00448,P014,2024-06,15540.0,10393.19,5146.81
LED00449,P014,2024-07,15540.0,12464.08,3075.92
LED00450,P014,2024-08,11970.0,9222.74,2747.26
LED00451,P014,2024-09,15470.0,9844.48,5625.52
LED00452,P014,2024-10,16540.0,11531.97,5008.03
LED00453,P014,2024-11,21300.0,12973.77,8326.23
LED00454,P014,2024-12,18510.0,18993.53,-483.53
LED00455,P014,2025-01,16180.0,9013.34,7166.66
LED00456,P014,2025-02,13340.0,2221.75,11118.25
LED00457,P014,2025-03,13340.0,15376.32,-2036.32
LED00458,P014,2025-04,10490.0,13811.47,-3321.47
LED00459,P014,2025-05,9330.0,11878.29,-2548.29
LED00460,P014,2025-06,6320.0,4343.65,1976.35
LED00461,P015,2024-03,2730.0,0,2730.0
LED00462,P015,2024-04,2730.0,0,2730.0
LED00463,P015,2024-05,2730.0,0,2730.0
LED00464,P015,2024-06,4050.0,0,4050.0
LED00465,P015,2024-07,4050.0,2901.68,1148.32
LED00466,P015,2024-08,4050.0,0,4050.0
LED00467,P015,2024-09,4050.0,0,4050.0
LED00468,P015,2024-10,4050.0,8661.61,-4611.61
LED00469,P015,2024-11,4050.0,2633.48,1416.52
LED00470,P015,2024-12,4050.0,0,4050.0
LED00471,P015,2025-01,4050.0,0,4050.0
LED00472,P015,2025-02,4050.0,6420.29,-2370.29
LED00473,P015,2025-03,1320.0,2732.3,-1412.3
LED00474,P015,2025-04,1320.0,0,1320.0
LED00475,P015,2025-05,1320.0,0,1320.0
LED00476,P016,2022-01,2080.0,0,2080.0
LED00477,P016,2022-02,2080.0,0,2080.0
LED00478,P016,2022-03,2080.0,0,2080.0
LED00479,P016,2022-04,8350.0,0,8350.0
LED00480,P016,2022-05,8350.0,0,8350.0
LED00481,P016,2022-06,10790.0,0,10790.0
LED00482,P016,2022-07,10790.0,0,10790.0
LED00483,P016,2022-08,8920.0,0,8920.0
LED00484,P016,2022-09,10790.0,0,10790.0
LED00485,P016,2022-10,10790.0,0,10790.0
LED00486,P016,2022-11,10790.0,0,10790.0
LED00487,P016,2022-12,10790.0,0,10790.0
LED00488,P016,2023-01,11380.0,0,11380.0
LED00489,P016,2023-02,11380.0,0,11380.0
LED00490,P016,2023-03,11600.0,0,11600.0
LED00491,P016,2023-04,7010.0,0,7010.0
LED00492,P016,2023-05,7010.0,0,7010.0
LED00493,P016,2023-06,6000.0,0,6000.0
LED00494,P016,2023-07,6000.0,0,6000.0
LED00495,P016,2023-08,4490.0,0,4490.0
LED00496,P016,2023-09,4490.0,0,4490.0
LED00497,P016,2023-10,2590.0,0,2590.0
LED00498,P016,2023-11,2590.0,0,2590.0
LED00499,P016,2023-12,4250.0,0,4250.0
LED00500,P016,2024-01,4250.0,0,4250.0
LED00501,P016,2024-02,4250.0,0,4250.0
LED00502,P016,2024-03,4250.0,0,4250.0
LED00503,P016,2024-04,2820.0,0,2820.0
LED00504,P016,2024-05,5390.0,0,5390.0
LED00505,P016,2024-06,3960.0,7010.13,-3050.13
LED00506,P016,2024-07,2300.0,6198.47,-3898.47
LED00507,P016,2024-08,3480.0,6473.7,-2993.7
LED00508,P016,2024-09,5310.0,6412.86,-1102.86
LED00509,P016,2024-10,7500.0,7023.05,476.95
LED00510,P016,2024-11,7500.0,11770.42,-4270.42
LED00511,P016,2024-12,7500.0,11707.6,-4207.6
LED00512,P016,2025-01,7500.0,13762.34,-6262.34
LED00513,P016,2025-02,7500.0,4288.64,3211.36
LED00514,P016,2025-03,7500.0,10545.9,-3045.9
LED00515,P016,2025-04,5670.0,16913.3,-11243.3
LED00516,P016,2025-05,4530.0,6471.5,-1941.5
LED00517,P016,2025-06,4530.0,0,4530.0
LED00518,P018,2022-10,2020.0,0,2020.0
LED00519,P018,2022-11,4930.0,0,4930.0
LED00520,P018,2022-12,4930.0,0,4930.0
LED00521,P018,2023-01,6980.0,0,6980.0
LED00522,P018,2023-02,6980.0,0,6980.0
LED00523,P018,2023-03,6980.0,0,6980.0
LED00524,P018,2023-04,4410.0,0,4410.0
LED00525,P018,2023-05,4760.0,0,4760.0
LED00526,P018,2023-06,4410.0,0,4410.0
LED00527,P018,2023-07,8530.0,0,8530.0
LED00528,P018,2023-08,6480.0,0,6480.0
LED00529,P018,2023-09,9640.0,0,9640.0
LED00530,P018,2023-10,11690.0,0,11690.0
LED00531,P018,2023-11,9730.0,0,9730.0
LED00532,P018,2023-12,11060.0,0,11060.0
LED00533,P018,2024-01,9730.0,0,9730.0
LED00534,P018,2024-02,13630.0,0,13630.0
LED00535,P018,2024-03,18540.0,0,18540.0
LED00536,P018,2024-04,20170.0,0,20170.0
LED00537,P018,2024-05,22040.0,0,22040.0
LED00538,P018,2024-06,23370.0,3581.2,19788.8
LED00539,P018,2024-07,21300.0,10784.91,10515.09
LED00540,P018,2024-08,18140.0,4813.68,13326.32
LED00541,P018,2024-09,15010.0,12766.91,2243.09
LED00542,P018,2024-10,10570.0,1588.57,8981.43
LED00543,P018,2024-11,8900.0,14423.63,-5523.63
LED00544,P018,2024-12,8900.0,14282.54,-5382.54
LED00545,P018,2025-01,8900.0,5890.29,3009.71
LED00546,P018,2025-02,5000.0,8051.96,-3051.96
LED00547,P018,2025-03,6330.0,12893.23,-6563.23
LED00548,P018,2025-04,3200.0,14364.84,-11164.84
LED00549,P018,2025-05,1330.0,5622.39,-4292.39
LED00550,P019,2022-06,2330.0,0,2330.0
LED00551,P019,2022-07,2330.0,0,2330.0
LED00552,P019,2022-08,2330.0,0,2330.0
LED00553,P019,2022-09,2330.0,0,2330.0
LED00554,P019,2022-10,2330.0,0,2330.0
LED00555,P019,2022-11,2330.0,0,2330.0
LED00556,P019,2022-12,2330.0,0,2330.0
LED00557,P019,2023-01,2330.0,0,2330.0
LED00558,P019,2023-02,2330.0,0,2330.0
LED00559,P019,2023-03,2330.0,0,2330.0
LED00560,P019,2023-04,2330.0,0,2330.0
LED00561,P019,2023-05,2330.0,0,2330.0
LED00562,P019,2024-07,0,2838.09,-2838.09
LED00563,P019,2024-09,3190.0,0,3190.0
LED00564,P019,2024-10,3190.0,0,3190.0
LED00565,P019,2024-11,3190.0,0,3190.0
LED00566,P019,2024-12,3190.0,0,3190.0
LED00567,P019,2025-01,3190.0,2749.73,440.27
LED00568,P019,2025-02,3190.0,1694.54,1495.46
LED00569,P019,2025-03,3190.0,0,3190.0
LED00570,P019,2025-04,3190.0,0,3190.0
LED00571,P019,2025-05,3190.0,0,3190.0
LED00572,P019,2025-06,3190.0,0,3190.0
LED00573,P020,2022-04,1180.0,0,1180.0
LED00574,P020,2022-05,1180.0,0,1180.0
LED00575,P020,2022-06,1180.0,0,1180.0
LED00576,P020,2022-07,3710.0,0,3710.0
LED00577,P020,2022-08,3710.0,0,3710.0
LED00578,P020,2022-09,5390.0,0,5390.0
LED00579,P020,2022-10,5390.0,0,5390.0
LED00580,P020,2022-11,5390.0,0,5390.0
LED00581,P020,2022-12,5390.0,0,5390.0
LED00582,P020,2023-01,6790.0,0,6790.0
LED00583,P020,2023-02,4260.0,0,4260.0
LED00584,P020,2023-03,1680.0,0,1680.0
LED00585,P020,2023-04,3080.0,0,3080.0
LED00586,P020,2023-05,3080.0,0,3080.0
LED00587,P020,2023-06,3080.0,0,3080.0
LED00588,P020,2023-07,1680.0,0,1680.0
LED00589,P020,2023-08,3080.0,0,3080.0
LED00590,P020,2023-09,1400.0,0,1400.0
LED00591,P020,2023-11,1400.0,0,1400.0
LED00592,P020,2023-12,1400.0,0,1400.0
LED00593,P020,2024-06,0,3182.76,-3182.76
LED00594,P020,2024-07,0,2634.65,-2634.65
LED00595,P020,2024-08,1540.0,2435.74,-895.74
LED00596,P020,2024-09,1540.0,2923.26,-1383.26
LED00597,P020,2024-10,1540.0,0,1540.0
LED00598,P020,2024-11,1540.0,5845.58,-4305.58
LED00599,P020,2024-12,1540.0,11974.01,-10434.01
LED00600,P020,2025-01,1540.0,3194.27,-1654.27
LED00601,P020,2025-02,1540.0,1739.46,-199.46
LED00602,P020,2025-03,0,2528.12,-2528.12
LED00603,P020,2025-04,0,1753.81,-1753.81
LED00604,P020,2025-05,0,2769.64,-2769.64
LED00605,P021,2022-07,3670.0,0,3670.0
LED00606,P021,2022-08,1830.0,0,1830.0
LED00607,P021,2022-09,6350.0,0,6350.0
LED00608,P021,2022-10,8310.0,0,8310.0
LED00609,P021,2022-11,12630.0,0,12630.0
LED00610,P021,2022-12,12630.0,0,12630.0
LED00611,P021,2023-01,12630.0,0,12630.0
LED00612,P021,2023-02,15760.0,0,15760.0
LED00613,P021,2023-03,15760.0,0,15760.0
LED00614,P021,2023-04,14840.0,0,14840.0
LED00615,P021,2023-05,15940.0,0,15940.0
LED00616,P021,2023-06,18620.0,0,18620.0
LED00617,P021,2023-07,14950.0,0,14950.0
LED00618,P021,2023-08,14950.0,0,14950.0
LED00619,P021,2023-09,12270.0,0,12270.0
LED00620,P021,2023-10,11090.0,0,11090.0
LED00621,P021,2023-11,10010.0,0,10010.0
LED00622,P021,2023-12,12560.0,0,12560.0
LED00623,P021,2024-01,12560.0,0,12560.0
LED00624,P021,2024-02,14140.0,0,14140.0
LED00625,P021,2024-03,14140.0,0,14140.0
LED00626,P021,2024-04,10850.0,0,10850.0
LED00627,P021,2024-05,13010.0,0,13010.0
LED00628,P021,2024-06,11480.0,5611.02,5868.98
LED00629,P021,2024-07,12530.0,15750.71,-3220.71
LED00630,P021,2024-08,15210.0,14706.84,503.16
LED00631,P021,2024-09,14720.0,10598.06,4121.94
LED00632,P021,2024-10,13450.0,17018.34,-3568.34
LED00633,P021,2024-11,13450.0,5573.24,7876.76
LED00634,P021,2024-12,10900.0,13095.77,-2195.77
LED00635,P021,2025-01,8220.0,19056.0,-10836.0
LED00636,P021,2025-02,9240.0,12086.31,-2846.31
LED00637,P021,2025-03,9240.0,9969.29,-729.29
LED00638,P021,2025-04,3730.0,19492.95,-15762.95
LED00639,P021,2025-05,1050.0,12515.68,-11465.68
LED00640,P021,2025-06,3730.0,0,3730.0
LED00641,P022,2022-04,1440.0,0,1440.0
LED00642,P022,2022-05,1440.0,0,1440.0
LED00643,P022,2022-06,3600.0,0,3600.0
LED00644,P022,2022-07,3600.0,0,3600.0
LED00645,P022,2022-08,3600.0,0,3600.0
LED00646,P022,2022-09,6800.0,0,6800.0
LED00647,P022,2022-10,12860.0,0,12860.0
LED00648,P022,2022-11,17380.0,0,17380.0
LED00649,P022,2022-12,20530.0,0,20530.0
LED00650,P022,2023-01,20530.0,0,20530.0
LED00651,P022,2023-02,19720.0,0,19720.0
LED00652,P022,2023-03,21870.0,0,21870.0
LED00653,P022,2023-04,17290.0,0,17290.0
LED00654,P022,2023-05,19450.0,0,19450.0
LED00655,P022,2023-06,19830.0,0,19830.0
LED00656,P022,2023-07,20350.0,0,20350.0
LED00657,P022,2023-08,22500.0,0,22500.0
LED00658,P022,2023-09,22270.0,0,22270.0
LED00659,P022,2023-10,17130.0,0,17130.0
LED00660,P022,2023-11,13950.0,0,13950.0
LED00661,P022,2023-12,10800.0,0,10800.0
LED00662,P022,2024-01,9520.0,0,9520.0
LED00663,P022,2024-02,9460.0,0,9460.0
LED00664,P022,2024-03,9460.0,0,9460.0
LED00665,P022,2024-04,8180.0,0,8180.0
LED00666,P022,2024-05,8180.0,0,8180.0
LED00667,P022,2024-06,13790.0,13538.74,251.26
LED00668,P022,2024-07,13190.0,9930.62,3259.38
LED00669,P022,2024-08,15300.0,5288.73,10011.27
LED00670,P022,2024-09,17190.0,7593.44,9596.56
LED00671,P022,2024-10,18710.0,7072.9,11637.1
LED00672,P022,2024-11,18710.0,5496.29,13213.71
LED00673,P022,2024-12,14080.0,14376.05,-296.05
LED00674,P022,2025-01,15640.0,10228.45,5411.55
LED00675,P022,2025-02,15640.0,10474.03,5165.97
LED00676,P022,2025-03,13120.0,12602.2,517.8
LED00677,P022,2025-04,15640.0,4251.79,11388.21
LED00678,P022,2025-05,15640.0,12801.89,2838.11
LED00679,P022,2025-06,10560.0,5495.29,5064.71
LED00680,P023,2022-10,6700.0,0,6700.0
LED00681,P023,2022-11,6700.0,0,6700.0
LED00682,P023,2022-12,6700.0,0,6700.0
LED00683,P023,2023-01,6700.0,0,6700.0
LED00684,P023,2023-02,10800.0,0,10800.0
LED00685,P023,2023-03,10800.0,0,10800.0
LED00686,P023,2023-04,10800.0,0,10800.0
LED00687,P023,2023-05,13600.0,0,13600.0
LED00688,P023,2023-06,13600.0,0,13600.0
LED00689,P023,2023-07,22200.0,0,22200.0
LED00690,P023,2023-08,22200.0,0,22200.0
LED00691,P023,2023-09,22200.0,0,22200.0
LED00692,P023,2023-10,15500.0,0,15500.0
LED00693,P023,2023-11,22200.0,0,22200.0
LED00694,P023,2023-12,13600.0,0,13600.0
LED00695,P023,2024-01,22200.0,0,22200.0
LED00696,P023,2024-02,9500.0,0,9500.0
LED00697,P023,2024-03,9500.0,0,9500.0
LED00698,P023,2024-04,9500.0,0,9500.0
LED00699,P023,2024-05,6700.0,0,6700.0
LED00700,P023,2024-06,0,5672.03,-5672.03
LED00701,P023,2024-07,0,3035.42,-3035.42
LED00702,P023,2024-08,11700.0,5727.68,5972.32
LED00703,P023,2024-09,11700.0,0,11700.0
LED00704,P023,2024-10,11700.0,2695.47,9004.53
LED00705,P023,2024-11,11700.0,0,11700.0
LED00706,P023,2024-12,11700.0,9010.03,2689.97
LED00707,P023,2025-01,11700.0,5268.89,6431.11
LED00708,P023,2025-02,11700.0,2031.39,9668.61
LED00709,P023,2025-03,11700.0,0,11700.0
LED00710,P023,2025-04,11700.0,5653.55,6046.45
LED00711,P023,2025-05,11700.0,0,11700.0
LED00712,P023,2025-06,11700.0,0,11700.0
LED00713,P024,2022-10,2800.0,0,2800.0
LED00714,P024,2022-11,2800.0,0,2800.0
LED00715,P024,2022-12,2800.0,0,2800.0
LED00716,P024,2023-01,2800.0,0,2800.0
LED00717,P024,2023-02,2800.0,0,2800.0
LED00718,P024,2023-03,2800.0,0,2800.0
LED00719,P024,2023-04,2800.0,0,2800.0
LED00720,P024,2024-05,3200.0,0,3200.0
LED00721,P024,2024-06,3200.0,2444.99,755.01
LED00722,P024,2024-07,3200.0,2768.14,431.86
LED00723,P024,2024-08,3200.0,0,3200.0
LED00724,P024,2024-09,3200.0,2754.53,445.47
LED00725,P024,2024-10,3200.0,0,3200.0
LED00726,P024,2024-11,6100.0,2964.05,3135.95
LED00727,P024,2024-12,6100.0,0,6100.0
LED00728,P024,2025-01,6100.0,0,6100.0
LED00729,P024,2025-02,6100.0,2998.23,3101.77
LED00730,P024,2025-03,6100.0,5128.23,971.77
LED00731,P024,2025-04,6100.0,0,6100.0
LED00732,P024,2025-05,2900.0,2902.5,-2.5
LED00733,P024,2025-06,2900.0,1687.93,1212.07
LED00734,P025,2022-10,2110.0,0,2110.0
LED00735,P025,2022-11,2110.0,0,2110.0
LED00736,P025,2022-12,3290.0,0,3290.0
LED00737,P025,2023-01,3290.0,0,3290.0
LED00738,P025,2023-02,3290.0,0,3290.0
LED00739,P025,2023-03,5310.0,0,5310.0
LED00740,P025,2023-04,5310.0,0,5310.0
LED00741,P025,2023-05,3200.0,0,3200.0
LED00742,P025,2023-06,5780.0,0,5780.0
LED00743,P025,2023-07,4600.0,0,4600.0
LED00744,P025,2023-08,4600.0,0,4600.0
LED00745,P025,2023-09,4600.0,0,4600.0
LED00746,P025,2023-10,4600.0,0,4600.0
LED00747,P025,2023-11,7380.0,0,7380.0
LED00748,P025,2023-12,7380.0,0,7380.0
LED00749,P025,2024-01,9110.0,0,9110.0
LED00750,P025,2024-02,9110.0,0,9110.0
LED00751,P025,2024-03,9670.0,0,9670.0
LED00752,P025,2024-04,9670.0,0,9670.0
LED00753,P025,2024-05,7090.0,0,7090.0
LED00754,P025,2024-06,10160.0,3214.35,6945.65
LED00755,P025,2024-07,13120.0,5186.68,7933.32
LED00756,P025,2024-08,13120.0,5101.81,8018.19
LED00757,P025,2024-09,13120.0,8159.24,4960.76
LED00758,P025,2024-10,10160.0,10249.87,-89.87
LED00759,P025,2024-11,11420.0,14078.96,-2658.96
LED00760,P025,2024-12,11420.0,8407.4,3012.6
LED00761,P025,2025-01,9690.0,5494.91,4195.09
LED00762,P025,2025-02,6730.0,0,6730.0
LED00763,P025,2025-03,7110.0,6826.35,283.65
LED00764,P025,2025-04,4150.0,0,4150.0
LED00765,P025,2025-05,7110.0,2792.41,4317.59
LED00766,P025,2025-06,2960.0,2849.67,110.33
LED00767,P026,2022-02,1090.0,0,1090.0
LED00768,P026,2022-03,1090.0,0,1090.0
LED00769,P026,2022-04,1090.0,0,1090.0
LED00770,P026,2022-05,1090.0,0,1090.0
LED00771,P026,2022-06,1090.0,0,1090.0
LED00772,P026,2022-07,1090.0,0,1090.0
LED00773,P026,2022-08,3590.0,0,3590.0
LED00774,P026,2022-09,3590.0,0,3590.0
LED00775,P026,2022-10,3590.0,0,3590.0
LED00776,P026,2022-11,3590.0,0,3590.0
LED00777,P026,2022-12,3590.0,0,3590.0
LED00778,P026,2023-01,3590.0,0,3590.0
LED00779,P026,2023-02,2500.0,0,2500.0
LED00780,P026,2023-03,2500.0,0,2500.0
LED00781,P026,2023-04,2500.0,0,2500.0
LED00782,P026,2023-05,2500.0,0,2500.0
LED00783,P026,2023-06,2500.0,0,2500.0
LED00784,P026,2023-07,2500.0,0,2500.0
LED00785,P026,2023-10,2500.0,0,2500.0
LED00786,P026,2023-11,2500.0,0,2500.0
LED00787,P026,2023-12,2500.0,0,2500.0
LED00788,P026,2024-01,2500.0,0,2500.0
LED00789,P026,2024-02,2500.0,0,2500.0
LED00790,P026,2024-03,2500.0,0,2500.0
LED00791,P026,2024-04,2500.0,0,2500.0
LED00792,P026,2024-05,1250.0,0,1250.0
LED00793,P026,2024-06,1250.0,2398.15,-1148.15
LED00794,P026,2024-07,1250.0,3045.07,-1795.07
LED00795,P026,2024-08,1250.0,1839.63,-589.63
LED00796,P026,2024-09,1250.0,7893.68,-6643.68
LED00797,P026,2024-10,0,3296.84,-3296.84
LED00798,P026,2024-11,0,1718.09,-1718.09
LED00799,P026,2025-01,0,4272.93,-4272.93
LED00800,P026,2025-03,0,1887.89,-1887.89
LED00801,P026,2025-04,0,3698.66,-3698.66
LED00802,P027,2023-02,3100.0,0,3100.0
LED00803,P027,2023-03,3100.0,0,3100.0
LED00804,P027,2023-04,3100.0,0,3100.0
LED00805,P027,2023-05,3100.0,0,3100.0
LED00806,P027,2023-06,3100.0,0,3100.0
LED00807,P027,2023-07,8000.0,0,8000.0
LED00808,P027,2023-08,8000.0,0,8000.0
LED00809,P027,2023-09,8000.0,0,8000.0
LED00810,P027,2023-10,8000.0,0,8000.0
LED00811,P027,2023-11,8000.0,0,8000.0
LED00812,P027,2023-12,8000.0,0,8000.0
LED00813,P027,2024-01,8000.0,0,8000.0
LED00814,P027,2024-02,4900.0,0,4900.0
LED00815,P027,2024-03,4900.0,0,4900.0
LED00816,P027,2024-04,4900.0,0,4900.0
LED00817,P027,2024-05,4900.0,0,4900.0
LED00818,P027,2024-06,4900.0,2751.3,2148.7
LED00819,P027,2024-07,0,4271.51,-4271.51
LED00820,P027,2024-08,0,2782.59,-2782.59
LED00821,P027,2024-09,1900.0,4201.3,-2301.3
LED00822,P027,2024-10,1900.0,4953.73,-3053.73
LED00823,P027,2024-11,1900.0,3244.32,-1344.32
LED00824,P027,2024-12,1900.0,0,1900.0
LED00825,P027,2025-01,1900.0,0,1900.0
LED00826,P027,2025-02,1900.0,0,1900.0
LED00827,P027,2025-03,0,2558.77,-2558.77
LED00828,P027,2025-05,0,2476.23,-2476.23
LED00829,P028,2022-03,4560.0,0,4560.0
LED00830,P028,2022-04,5890.0,0,5890.0
LED00831,P028,2022-05,9470.0,0,9470.0
LED00832,P028,2022-06,11510.0,0,11510.0
LED00833,P028,2022-07,19000.0,0,19000.0
LED00834,P028,2022-08,19000.0,0,19000.0
LED00835,P028,2022-09,21980.0,0,21980.0
LED00836,P028,2022-10,20310.0,0,20310.0
LED00837,P028,2022-11,21980.0,0,21980.0
LED00838,P028,2022-12,21980.0,0,21980.0
LED00839,P028,2023-01,21980.0,0,21980.0
LED00840,P028,2023-02,22940.0,0,22940.0
LED00841,P028,2023-03,18380.0,0,18380.0
LED00842,P028,2023-04,17050.0,0,17050.0
LED00843,P028,2023-05,13470.0,0,13470.0
LED00844,P028,2023-06,11430.0,0,11430.0
LED00845,P028,2023-07,6040.0,0,6040.0
LED00846,P028,2023-08,6040.0,0,6040.0
LED00847,P028,2023-09,3060.0,0,3060.0
LED00848,P028,2023-10,3060.0,0,3060.0
LED00849,P028,2023-11,6410.0,0,6410.0
LED00850,P028,2023-12,8770.0,0,8770.0
LED00851,P028,2024-01,6890.0,0,6890.0
LED00852,P028,2024-02,8110.0,0,8110.0
LED00853,P028,2024-03,8110.0,0,8110.0
LED00854,P028,2024-04,13670.0,0,13670.0
LED00855,P028,2024-05,10820.0,0,10820.0
LED00856,P028,2024-06,15720.0,15191.17,528.83
LED00857,P028,2024-07,15740.0,10402.73,5337.27
LED00858,P028,2024-08,17850.0,16562.58,1287.42
LED00859,P028,2024-09,17850.0,0,17850.0
LED00860,P028,2024-10,17830.0,6579.24,11250.76
LED00861,P028,2024-11,18310.0,14815.32,3494.68
LED00862,P028,2024-12,18310.0,6202.09,12107.91
LED00863,P028,2025-01,18310.0,11906.11,6403.89
LED00864,P028,2025-02,15910.0,5036.31,10873.69
LED00865,P028,2025-03,13530.0,6742.12,6787.88
LED00866,P028,2025-04,11090.0,10734.49,355.51
LED00867,P028,2025-05,8460.0,14183.83,-5723.83
LED00868,P028,2025-06,6410.0,0,6410.0
LED00869,P029,2022-01,5740.0,0,5740.0
LED00870,P029,2022-02,5740.0,0,5740.0
LED00871,P029,2022-03,5740.0,0,5740.0
LED00872,P029,2022-04,5740.0,0,5740.0
LED00873,P029,2022-05,5740.0,0,5740.0
LED00874,P029,2022-06,5740.0,0,5740.0
LED00875,P029,2022-07,8620.0,0,8620.0
LED00876,P029,2022-08,10150.0,0,10150.0
LED00877,P029,2022-09,10150.0,0,10150.0
LED00878,P029,2022-10,10150.0,0,10150.0
LED00879,P029,2022-11,10150.0,0,10150.0
LED00880,P029,2022-12,11400.0,0,11400.0
LED00881,P029,2023-01,5660.0,0,5660.0
LED00882,P029,2023-02,8430.0,0,8430.0
LED00883,P029,2023-03,8430.0,0,8430.0
LED00884,P029,2023-04,8190.0,0,8190.0
LED00885,P029,2023-05,14150.0,0,14150.0
LED00886,P029,2023-06,12900.0,0,12900.0
LED00887,P029,2023-07,8490.0,0,8490.0
LED00888,P029,2023-08,12100.0,0,12100.0
LED00889,P029,2023-09,13500.0,0,13500.0
LED00890,P029,2023-10,16920.0,0,16920.0
LED00891,P029,2023-11,19010.0,0,19010.0
LED00892,P029,2023-12,21780.0,0,21780.0
LED00893,P029,2024-01,20310.0,0,20310.0
LED00894,P029,2024-02,20310.0,0,20310.0
LED00895,P029,2024-03,22660.0,0,22660.0
LED00896,P029,2024-04,20020.0,0,20020.0
LED00897,P029,2024-05,15540.0,0,15540.0
LED00898,P029,2024-06,19230.0,9345.63,9884.37
LED00899,P029,2024-07,25520.0,8397.73,17122.27
LED00900,P029,2024-08,18320.0,22557.78,-4237.78
LED00901,P029,2024-09,19210.0,17419.04,1790.96
LED00902,P029,2024-10,15950.0,17841.23,-1891.23
LED00903,P029,2024-11,13160.0,11105.86,2054.14
LED00904,P029,2024-12,13160.0,18828.29,-5668.29
LED00905,P029,2025-01,13160.0,29391.05,-16231.05
LED00906,P029,2025-02,13160.0,11039.86,2120.14
LED00907,P029,2025-03,10810.0,11079.99,-269.99
LED00908,P029,2025-04,10810.0,7971.76,2838.24
LED00909,P029,2025-05,6290.0,25020.15,-18730.15
LED00910,P029,2025-06,6290.0,5756.57,533.43
LED00911,P030,2023-09,10700.0,0,10700.0
LED00912,P030,2023-10,10700.0,0,10700.0
LED00913,P030,2023-11,10700.0,0,10700.0
LED00914,P030,2023-12,10700.0,0,10700.0
LED00915,P030,2024-01,10700.0,0,10700.0
LED00916,P030,2024-02,10700.0,0,10700.0
LED00917,P030,2024-03,22200.0,0,22200.0
LED00918,P030,2024-04,22200.0,0,22200.0
LED00919,P030,2024-05,22200.0,0,22200.0
LED00920,P030,2024-06,22200.0,3582.76,18617.24
LED00921,P030,2024-07,22200.0,0,22200.0
LED00922,P030,2024-08,22200.0,0,22200.0
LED00923,P030,2024-09,11500.0,2624.78,8875.22
LED00924,P030,2024-10,11500.0,0,11500.0
LED00925,P030,2024-11,11500.0,4617.1,6882.9
LED00926,P030,2024-12,11500.0,0,11500.0
LED00927,P030,2025-01,11500.0,0,11500.0
LED00928,P030,2025-02,11500.0,0,11500.0
LED00929,P030,2025-03,0,9029.77,-9029.77
LED00930,P030,2025-05,0,2644.34,-2644.34
LED00931,P031,2022-02,1360.0,0,1360.0
LED00932,P031,2022-03,1360.0,0,1360.0
LED00933,P031,2022-04,5920.0,0,5920.0
LED00934,P031,2022-05,9710.0,0,9710.0
LED00935,P031,2022-06,13960.0,0,13960.0
LED00936,P031,2022-07,11480.0,0,11480.0
LED00937,P031,2022-08,16910.0,0,16910.0
LED00938,P031,2022-09,16910.0,0,16910.0
LED00939,P031,2022-10,16910.0,0,16910.0
LED00940,P031,2022-11,20590.0,0,20590.0
LED00941,P031,2022-12,22880.0,0,22880.0
LED00942,P031,2023-01,23990.0,0,23990.0
LED00943,P031,2023-02,22630.0,0,22630.0
LED00944,P031,2023-03,23590.0,0,23590.0
LED00945,P031,2023-04,20050.0,0,20050.0
LED00946,P031,2023-05,12100.0,0,12100.0
LED00947,P031,2023-06,7310.0,0,7310.0
LED00948,P031,2023-07,10180.0,0,10180.0
LED00949,P031,2023-08,7950.0,0,7950.0
LED00950,P031,2023-09,6120.0,0,6120.0
LED00951,P031,2023-10,9020.0,0,9020.0
LED00952,P031,2023-11,6150.0,0,6150.0
LED00953,P031,2023-12,3860.0,0,3860.0
LED00954,P031,2024-01,3860.0,0,3860.0
LED00955,P031,2024-02,3860.0,0,3860.0
LED00956,P031,2024-03,2900.0,0,2900.0
LED00957,P031,2024-04,5170.0,0,5170.0
LED00958,P031,2024-05,3340.0,0,3340.0
LED00959,P031,2024-06,5170.0,3289.94,1880.06
LED00960,P031,2024-07,5170.0,7337.99,-2167.99
LED00961,P031,2024-08,5430.0,24091.71,-18661.71
LED00962,P031,2024-09,9100.0,7283.26,1816.74
LED00963,P031,2024-10,8030.0,14842.84,-6812.84
LED00964,P031,2024-11,4220.0,18091.67,-13871.67
LED00965,P031,2024-12,5760.0,0,5760.0
LED00966,P031,2025-01,5760.0,14909.37,-9149.37
LED00967,P031,2025-02,2090.0,6766.99,-4676.99
LED00968,P031,2025-03,5760.0,6507.02,-747.02
LED00969,P031,2025-04,5760.0,6960.82,-1200.82
LED00970,P031,2025-05,5760.0,9013.06,-3253.06
LED00971,P031,2025-06,5760.0,2750.47,3009.53
LED00972,P032,2022-04,2700.0,0,2700.0
LED00973,P032,2022-05,2700.0,0,2700.0
LED00974,P032,2022-06,3930.0,0,3930.0
LED00975,P032,2022-07,7540.0,0,7540.0
LED00976,P032,2022-08,8510.0,0,8510.0
LED00977,P032,2022-09,15300.0,0,15300.0
LED00978,P032,2022-10,18090.0,0,18090.0
LED00979,P032,2022-11,18090.0,0,18090.0
LED00980,P032,2022-12,20410.0,0,20410.0
LED00981,P032,2023-01,20410.0,0,20410.0
LED00982,P032,2023-02,20410.0,0,20410.0
LED00983,P032,2023-03,21720.0,0,21720.0
LED00984,P032,2023-04,21140.0,0,21140.0
LED00985,P032,2023-05,23060.0,0,23060.0
LED00986,P032,2023-06,25350.0,0,25350.0
LED00987,P032,2023-07,19620.0,0,19620.0
LED00988,P032,2023-08,22960.0,0,22960.0
LED00989,P032,2023-09,16170.0,0,16170.0
LED00990,P032,2023-10,11950.0,0,11950.0
LED00991,P032,2023-11,16720.0,0,16720.0
LED00992,P032,2023-12,19600.0,0,19600.0
LED00993,P032,2024-01,19600.0,0,19600.0
LED00994,P032,2024-02,23870.0,0,23870.0
LED00995,P032,2024-03,21870.0,0,21870.0
LED00996,P032,2024-04,21870.0,0,21870.0
LED00997,P032,2024-05,17030.0,0,17030.0
LED00998,P032,2024-06,12740.0,11771.29,968.71
LED00999,P032,2024-07,14320.0,9123.75,5196.25
LED01000,P032,2024-08,8150.0,21754.5,-13604.5
LED01001,P032,2024-09,8850.0,7176.3,1673.7
LED01002,P032,2024-10,11490.0,25677.14,-14187.14
LED01003,P032,2024-11,14420.0,9741.36,4678.64
LED01004,P032,2024-12,12330.0,27093.44,-14763.44
LED01005,P032,2025-01,10440.0,13947.98,-3507.98
LED01006,P032,2025-02,9010.0,15789.84,-6779.84
LED01007,P032,2025-03,9010.0,15685.99,-6675.99
LED01008,P032,2025-04,9010.0,5044.86,3965.14
LED01009,P032,2025-05,5230.0,17546.28,-12316.28
LED01010,P032,2025-06,1140.0,4450.27,-3310.27
LED01011,P033,2022-05,2500.0,0,2500.0
LED01012,P033,2022-06,2500.0,0,2500.0
LED01013,P033,2022-07,2500.0,0,2500.0
LED01014,P033,2022-08,2500.0,0,2500.0
LED01015,P033,2022-09,2500.0,0,2500.0
LED01016,P033,2022-10,2500.0,0,2500.0
LED01017,P033,2022-11,2500.0,0,2500.0
LED01018,P033,2022-12,2500.0,0,2500.0
LED01019,P033,2023-01,4400.0,0,4400.0
LED01020,P033,2023-02,6900.0,0,6900.0
LED01021,P033,2023-03,4400.0,0,4400.0
LED01022,P033,2023-04,4400.0,0,4400.0
LED01023,P033,2023-05,4400.0,0,4400.0
LED01024,P033,2023-06,4400.0,0,4400.0
LED01025,P033,2023-07,4400.0,0,4400.0
LED01026,P033,2023-08,4400.0,0,4400.0
LED01027,P033,2023-10,4400.0,0,4400.0
LED01028,P033,2023-11,4400.0,0,4400.0
LED01029,P033,2023-12,4400.0,0,4400.0
LED01030,P033,2024-05,4800.0,0,4800.0
LED01031,P033,2024-06,4800.0,0,4800.0
LED01032,P033,2024-07,4800.0,0,4800.0
LED01033,P033,2024-08,4800.0,0,4800.0
LED01034,P033,2024-09,6800.0,0,6800.0
LED01035,P033,2024-10,4800.0,0,4800.0
LED01036,P033,2024-11,6800.0,0,6800.0
LED01037,P033,2024-12,6800.0,0,6800.0
LED01038,P033,2025-01,6800.0,0,6800.0
LED01039,P033,2025-02,6800.0,2879.99,3920.01
LED01040,P033,2025-03,6800.0,5443.32,1356.68
LED01041,P033,2025-04,6800.0,4464.09,2335.91
LED01042,P033,2025-05,2000.0,5514.98,-3514.98
LED01043,P033,2025-06,2000.0,0,2000.0
LED01044,P034,2022-11,2680.0,0,2680.0
LED01045,P034,2022-12,2680.0,0,2680.0
LED01046,P034,2023-01,2680.0,0,2680.0
LED01047,P034,2023-02,2680.0,0,2680.0
LED01048,P034,2023-03,2680.0,0,2680.0
LED01049,P034,2023-04,2680.0,0,2680.0
LED01050,P034,2023-05,2680.0,0,2680.0
LED01051,P034,2024-01,3020.0,0,3020.0
LED01052,P034,2024-02,3020.0,0,3020.0
LED01053,P034,2024-03,3020.0,0,3020.0
LED01054,P034,2024-04,3020.0,0,3020.0
LED01055,P034,2024-05,3020.0,0,3020.0
LED01056,P034,2024-06,3020.0,0,3020.0
LED01057,P034,2024-07,3020.0,0,3020.0
LED01058,P034,2024-10,0,2676.33,-2676.33
LED01059,P034,2025-03,0,2569.9,-2569.9
LED01060,P034,2025-04,0,3154.28,-3154.28
LED01061,P034,2025-05,0,7905.76,-7905.76
LED01062,P034,2025-06,0,2491.98,-2491.98
LED01063,P035,2023-06,2800.0,0,2800.0
LED01064,P035,2023-07,7000.0,0,7000.0
LED01065,P035,2023-08,7000.0,0,7000.0
LED01066,P035,2023-09,7000.0,0,7000.0
LED01067,P035,2023-10,7000.0,0,7000.0
LED01068,P035,2023-11,7000.0,0,7000.0
LED01069,P035,2023-12,7000.0,0,7000.0
LED01070,P035,2024-02,4200.0,0,4200.0
LED01071,P035,2024-03,15500.0,0,15500.0
LED01072,P035,2024-04,23600.0,0,23600.0
LED01073,P035,2024-05,23600.0,0,23600.0
LED01074,P035,2024-06,23600.0,0,23600.0
LED01075,P035,2024-07,19400.0,2476.03,16923.97
LED01076,P035,2024-08,19400.0,6301.45,13098.55
LED01077,P035,2024-09,19400.0,0,19400.0
LED01078,P035,2024-10,19400.0,3186.4,16213.6
LED01079,P035,2024-11,19400.0,5132.72,14267.28
LED01080,P035,2024-12,19400.0,0,19400.0
LED01081,P035,2025-01,11300.0,0,11300.0
LED01082,P035,2025-02,19400.0,0,19400.0
LED01083,P035,2025-03,8100.0,6352.39,1747.61
LED01084,P035,2025-04,0,2824.15,-2824.15
LED01085,P036,2022-06,3200.0,0,3200.0
LED01086,P036,2022-07,3200.0,0,3200.0
LED01087,P036,2022-08,3200.0,0,3200.0
LED01088,P036,2022-09,3200.0,0,3200.0
LED01089,P036,2022-10,10000.0,0,10000.0
LED01090,P036,2022-11,10000.0,0,10000.0
LED01091,P036,2022-12,10000.0,0,10000.0
LED01092,P036,2023-01,6800.0,0,6800.0
LED01093,P036,2023-02,6800.0,0,6800.0
LED01094,P036,2023-03,6800.0,0,6800.0
LED01095,P036,2023-04,6800.0,0,6800.0
LED01096,P036,2023-06,6800.0,0,6800.0
LED01097,P036,2023-07,6800.0,0,6800.0
LED01098,P036,2023-08,6800.0,0,6800.0
LED01099,P036,2023-09,6800.0,0,6800.0
LED01100,P036,2024-06,0,2659.85,-2659.85
LED01101,P036,2024-08,0,2351.24,-2351.24
LED01102,P036,2024-09,0,2924.13,-2924.13
LED01103,P036,2024-11,11600.0,2875.88,8724.12
LED01104,P036,2024-12,11600.0,1108.27,10491.73
LED01105,P036,2025-01,11600.0,0,11600.0
LED01106,P036,2025-02,0,1631.15,-1631.15
LED01107,P036,2025-03,11600.0,2117.1,9482.9
LED01108,P036,2025-04,11600.0,0,11600.0
LED01109,P036,2025-05,11600.0,5294.18,6305.82
LED01110,P036,2025-06,11600.0,0,11600.0
LED01111,P037,2022-01,1470.0,0,1470.0
LED01112,P037,2022-02,1470.0,0,1470.0
LED01113,P037,2022-03,1470.0,0,1470.0
LED01114,P037,2022-05,4570.0,0,4570.0
LED01115,P037,2022-06,3100.0,0,3100.0
LED01116,P037,2022-07,6080.0,0,6080.0
LED01117,P037,2022-08,6080.0,0,6080.0
LED01118,P037,2022-09,7550.0,0,7550.0
LED01119,P037,2022-10,9660.0,0,9660.0
LED01120,P037,2022-11,8190.0,0,8190.0
LED01121,P037,2022-12,6080.0,0,6080.0
LED01122,P037,2023-01,8190.0,0,8190.0
LED01123,P037,2023-02,10550.0,0,10550.0
LED01124,P037,2023-03,14170.0,0,14170.0
LED01125,P037,2023-04,16320.0,0,16320.0
LED01126,P037,2023-05,15790.0,0,15790.0
LED01127,P037,2023-06,15790.0,0,15790.0
LED01128,P037,2023-07,14500.0,0,14500.0
LED01129,P037,2023-08,13640.0,0,13640.0
LED01130,P037,2023-09,15270.0,0,15270.0
LED01131,P037,2023-10,15270.0,0,15270.0
LED01132,P037,2023-11,15270.0,0,15270.0
LED01133,P037,2023-12,16850.0,0,16850.0
LED01134,P037,2024-01,13870.0,0,13870.0
LED01135,P037,2024-02,3730.0,0,3730.0
LED01136,P037,2024-03,10420.0,0,10420.0
LED01137,P037,2024-04,11200.0,0,11200.0
LED01138,P037,2024-05,8630.0,0,8630.0
LED01139,P037,2024-06,8630.0,7095.54,1534.46
LED01140,P037,2024-07,7100.0,9394.24,-2294.24
LED01141,P037,2024-08,11410.0,13097.7,-1687.7
LED01142,P037,2024-09,8530.0,5935.48,2594.52
LED01143,P037,2024-10,8530.0,14482.09,-5952.09
LED01144,P037,2024-11,11350.0,8084.43,3265.57
LED01145,P037,2024-12,6950.0,8686.23,-1736.23
LED01146,P037,2025-01,9770.0,7923.56,1846.44
LED01147,P037,2025-02,9770.0,13601.01,-3831.01
LED01148,P037,2025-03,8530.0,8486.29,43.71
LED01149,P037,2025-04,5600.0,4911.91,688.09
LED01150,P037,2025-05,5600.0,5633.33,-33.33
LED01151,P037,2025-06,5600.0,4525.27,1074.73
LED01152,P038,2022-01,1950.0,0,1950.0
LED01153,P038,2022-02,5450.0,0,5450.0
LED01154,P038,2022-03,8640.0,0,8640.0
LED01155,P038,2022-04,6850.0,0,6850.0
LED01156,P038,2022-05,8640.0,0,8640.0
LED01157,P038,2022-06,8640.0,0,8640.0
LED01158,P038,2022-07,11400.0,0,11400.0
LED01159,P038,2022-08,11400.0,0,11400.0
LED01160,P038,2022-09,12410.0,0,12410.0
LED01161,P038,2022-10,16480.0,0,16480.0
LED01162,P038,2022-11,16480.0,0,16480.0
LED01163,P038,2022-12,16480.0,0,16480.0
LED01164,P038,2023-01,14530.0,0,14530.0
LED01165,P038,2023-02,12960.0,0,12960.0
LED01166,P038,2023-03,9770.0,0,9770.0
LED01167,P038,2023-04,9770.0,0,9770.0
LED01168,P038,2023-05,9770.0,0,9770.0
LED01169,P038,2023-06,9770.0,0,9770.0
LED01170,P038,2023-07,12410.0,0,12410.0
LED01171,P038,2023-08,7750.0,0,7750.0
LED01172,P038,2023-09,13780.0,0,13780.0
LED01173,P038,2023-10,11870.0,0,11870.0
LED01174,P038,2023-11,9140.0,0,9140.0
LED01175,P038,2023-12,11870.0,0,11870.0
LED01176,P038,2024-01,11870.0,0,11870.0
LED01177,P038,2024-02,15680.0,0,15680.0
LED01178,P038,2024-03,15680.0,0,15680.0
LED01179,P038,2024-04,15680.0,0,15680.0
LED01180,P038,2024-05,14220.0,0,14220.0
LED01181,P038,2024-06,16950.0,11575.52,5374.48
LED01182,P038,2024-07,11550.0,8595.02,2954.98
LED01183,P038,2024-08,8930.0,16684.13,-7754.13
LED01184,P038,2024-09,7750.0,4080.5,3669.5
LED01185,P038,2024-10,5590.0,14169.94,-8579.94
LED01186,P038,2024-11,5590.0,6248.18,-658.18
LED01187,P038,2024-12,5590.0,11474.02,-5884.02
LED01188,P038,2025-01,5590.0,12992.37,-7402.37
LED01189,P038,2025-02,4400.0,3521.81,878.19
LED01190,P038,2025-03,4400.0,6337.58,-1937.58
LED01191,P038,2025-04,4400.0,11375.64,-6975.64
LED01192,P038,2025-05,3130.0,17956.69,-14826.69
LED01193,P038,2025-06,3130.0,2603.45,526.55
LED01194,P039,2022-01,11400.0,0,11400.0
LED01195,P039,2022-02,11400.0,0,11400.0
LED01196,P039,2022-03,11400.0,0,11400.0
LED01197,P039,2022-04,11400.0,0,11400.0
LED01198,P039,2022-05,19500.0,0,19500.0
LED01199,P039,2022-06,19500.0,0,19500.0
LED01200,P039,2022-07,19500.0,0,19500.0
LED01201,P039,2022-08,19500.0,0,19500.0
LED01202,P039,2022-09,19500.0,0,19500.0
LED01203,P039,2022-10,19500.0,0,19500.0
LED01204,P039,2022-11,11400.0,0,11400.0
LED01205,P039,2022-12,19500.0,0,19500.0
LED01206,P039,2023-01,8100.0,0,8100.0
LED01207,P039,2023-02,8100.0,0,8100.0
LED01208,P039,2023-03,8100.0,0,8100.0
LED01209,P039,2023-04,8100.0,0,8100.0
LED01210,P039,2023-08,10200.0,0,10200.0
LED01211,P039,2023-09,10200.0,0,10200.0
LED01212,P039,2023-10,10200.0,0,10200.0
LED01213,P039,2023-11,10200.0,0,10200.0
LED01214,P039,2023-12,10200.0,0,10200.0
LED01215,P039,2024-02,10200.0,0,10200.0
LED01216,P039,2024-03,10200.0,0,10200.0
LED01217,P039,2024-04,10200.0,0,10200.0
LED01218,P039,2024-05,10200.0,0,10200.0
LED01219,P039,2024-06,10200.0,2995.21,7204.79
LED01220,P039,2024-07,14400.0,2601.82,11798.18
LED01221,P039,2024-08,4200.0,0,4200.0
LED01222,P039,2024-09,4200.0,0,4200.0
LED01223,P039,2024-10,4200.0,1859.83,2340.17
LED01224,P039,2024-11,4200.0,0,4200.0
LED01225,P039,2024-12,4200.0,2522.64,1677.36
LED01226,P039,2025-01,4200.0,1699.52,2500.48
LED01227,P039,2025-02,4200.0,3020.02,1179.98
LED01228,P039,2025-03,4200.0,0,4200.0
LED01229,P039,2025-04,4200.0,1590.73,2609.27
LED01230,P039,2025-05,4200.0,0,4200.0
LED01231,P039,2025-06,4200.0,0,4200.0
LED01232,P040,2022-01,3100.0,0,3100.0
LED01233,P040,2022-02,3100.0,0,3100.0
LED01234,P040,2022-03,4350.0,0,4350.0
LED01235,P040,2022-04,6290.0,0,6290.0
LED01236,P040,2022-05,12130.0,0,12130.0
LED01237,P040,2022-06,12130.0,0,12130.0
LED01238,P040,2022-07,14610.0,0,14610.0
LED01239,P040,2022-08,16840.0,0,16840.0
LED01240,P040,2022-09,18960.0,0,18960.0
LED01241,P040,2022-10,20830.0,0,20830.0
LED01242,P040,2022-11,16770.0,0,16770.0
LED01243,P040,2022-12,16530.0,0,16530.0
LED01244,P040,2023-01,13430.0,0,13430.0
LED01245,P040,2023-02,13430.0,0,13430.0
LED01246,P040,2023-03,14520.0,0,14520.0
LED01247,P040,2023-04,16640.0,0,16640.0
LED01248,P040,2023-05,14900.0,0,14900.0
LED01249,P040,2023-06,18600.0,0,18600.0
LED01250,P040,2023-07,16260.0,0,16260.0
LED01251,P040,2023-08,18610.0,0,18610.0
LED01252,P040,2023-09,17980.0,0,17980.0
LED01253,P040,2023-10,14860.0,0,14860.0
LED01254,P040,2023-11,14860.0,0,14860.0
LED01255,P040,2023-12,13410.0,0,13410.0
LED01256,P040,2024-01,15560.0,0,15560.0
LED01257,P040,2024-02,15710.0,0,15710.0
LED01258,P040,2024-03,16060.0,0,16060.0
LED01259,P040,2024-04,16450.0,0,16450.0
LED01260,P040,2024-05,13840.0,0,13840.0
LED01261,P040,2024-06,13830.0,7183.18,6646.82
LED01262,P040,2024-07,16310.0,8168.21,8141.79
LED01263,P040,2024-08,16310.0,28501.22,-12191.22
LED01264,P040,2024-09,14820.0,31345.98,-16525.98
LED01265,P040,2024-10,12130.0,14919.6,-2789.6
LED01266,P040,2024-11,17350.0,15261.76,2088.24
LED01267,P040,2024-12,17350.0,19934.03,-2584.03
LED01268,P040,2025-01,14150.0,17087.98,-2937.98
LED01269,P040,2025-02,11670.0,8380.84,3289.16
LED01270,P040,2025-03,8980.0,20294.75,-11314.75
LED01271,P040,2025-04,6470.0,9884.85,-3414.85
LED01272,P040,2025-05,6470.0,13567.99,-7097.99
LED01273,P040,2025-06,2530.0,10754.34,-8224.34
LED01274,P041,2023-11,6800.0,0,6800.0
LED01275,P041,2024-01,6800.0,0,6800.0
LED01276,P041,2024-02,6800.0,0,6800.0
LED01277,P041,2024-03,6800.0,0,6800.0
LED01278,P041,2024-04,6800.0,0,6800.0
LED01279,P041,2024-05,6800.0,0,6800.0
LED01280,P041,2024-06,6800.0,0,6800.0
LED01281,P041,2024-07,6800.0,0,6800.0
LED01282,P041,2024-08,6800.0,0,6800.0
LED01283,P041,2024-09,6800.0,0,6800.0
LED01284,P041,2024-10,6800.0,3219.4,3580.6
LED01285,P041,2025-01,0,3054.9,-3054.9
LED01286,P042,2022-06,2500.0,0,2500.0
LED01287,P042,2022-07,2500.0,0,2500.0
LED01288,P042,2022-08,2500.0,0,2500.0
LED01289,P042,2022-09,2500.0,0,2500.0
LED01290,P042,2022-10,2500.0,0,2500.0
LED01291,P042,2022-11,2500.0,0,2500.0
LED01292,P042,2022-12,2500.0,0,2500.0
LED01293,P042,2023-01,2500.0,0,2500.0
LED01294,P042,2023-02,4900.0,0,4900.0
LED01295,P042,2023-03,2500.0,0,2500.0
LED01296,P042,2023-04,4900.0,0,4900.0
LED01297,P042,2023-05,8800.0,0,8800.0
LED01298,P042,2023-06,6300.0,0,6300.0
LED01299,P042,2023-07,6300.0,0,6300.0
LED01300,P042,2023-08,2400.0,0,2400.0
LED01301,P042,2023-09,6300.0,0,6300.0
LED01302,P042,2023-10,6300.0,0,6300.0
LED01303,P042,2023-11,6300.0,0,6300.0
LED01304,P042,2023-12,6300.0,0,6300.0
LED01305,P042,2024-01,6300.0,0,6300.0
LED01306,P042,2024-02,3900.0,0,3900.0
LED01307,P042,2024-03,3900.0,0,3900.0
LED01308,P042,2024-04,3900.0,0,3900.0
LED01309,P042,2024-06,0,1953.42,-1953.42
LED01310,P042,2024-07,0,3251.9,-3251.9
LED01311,P042,2024-09,0,3112.76,-3112.76
LED01312,P042,2024-10,0,5930.24,-5930.24
LED01313,P042,2025-01,0,2410.17,-2410.17
LED01314,P042,2025-02,0,2183.79,-2183.79
LED01315,P042,2025-03,0,902.49,-902.49
LED01316,P042,2025-04,0,1775.69,-1775.69
LED01317,P042,2025-05,0,2887.38,-2887.38
LED01318,P043,2022-02,11700.0,0,11700.0
LED01319,P043,2022-03,11700.0,0,11700.0
LED01320,P043,2022-04,11700.0,0,11700.0
LED01321,P043,2022-05,11700.0,0,11700.0
LED01322,P043,2022-06,23500.0,0,23500.0
LED01323,P043,2022-07,23500.0,0,23500.0
LED01324,P043,2022-08,23500.0,0,23500.0
LED01325,P043,2022-09,18100.0,0,18100.0
LED01326,P043,2022-10,38100.0,0,38100.0
LED01327,P043,2022-11,38100.0,0,38100.0
LED01328,P043,2022-12,38100.0,0,38100.0
LED01329,P043,2023-01,38100.0,0,38100.0
LED01330,P043,2023-02,31800.0,0,31800.0
LED01331,P043,2023-03,31200.0,0,31200.0
LED01332,P043,2023-04,39800.0,0,39800.0
LED01333,P043,2023-05,39800.0,0,39800.0
LED01334,P043,2023-06,28000.0,0,28000.0
LED01335,P043,2023-07,28000.0,0,28000.0
LED01336,P043,2023-08,28000.0,0,28000.0
LED01337,P043,2023-09,38300.0,0,38300.0
LED01338,P043,2023-10,18300.0,0,18300.0
LED01339,P043,2023-11,30000.0,0,30000.0
LED01340,P043,2023-12,30000.0,0,30000.0
LED01341,P043,2024-01,30000.0,0,30000.0
LED01342,P043,2024-02,30000.0,0,30000.0
LED01343,P043,2024-03,22000.0,0,22000.0
LED01344,P043,2024-04,22000.0,0,22000.0
LED01345,P043,2024-05,22000.0,0,22000.0
LED01346,P043,2024-06,22300.0,7566.17,14733.83
LED01347,P043,2024-07,22300.0,4405.72,17894.28
LED01348,P043,2024-08,22300.0,3718.51,18581.49
LED01349,P043,2024-09,12000.0,3016.12,8983.88
LED01350,P043,2024-10,12000.0,2799.21,9200.79
LED01351,P043,2024-11,12000.0,7951.86,4048.14
LED01352,P043,2024-12,12000.0,0,12000.0
LED01353,P043,2025-01,12000.0,9638.51,2361.49
LED01354,P043,2025-02,12000.0,6461.62,5538.38
LED01355,P043,2025-03,12000.0,2581.85,9418.15
LED01356,P043,2025-04,12000.0,6491.08,5508.92
LED01357,P043,2025-05,12000.0,0,12000.0
LED01358,P044,2022-08,3100.0,0,3100.0
LED01359,P044,2022-09,3100.0,0,3100.0
LED01360,P044,2022-10,3100.0,0,3100.0
LED01361,P044,2022-11,3100.0,0,3100.0
LED01362,P044,2022-12,3100.0,0,3100.0
LED01363,P044,2023-01,3100.0,0,3100.0
LED01364,P044,2023-02,3100.0,0,3100.0
LED01365,P044,2023-03,3100.0,0,3100.0
LED01366,P044,2023-04,3100.0,0,3100.0
LED01367,P044,2023-05,3100.0,0,3100.0
LED01368,P044,2023-06,3100.0,0,3100.0
LED01369,P044,2023-07,3100.0,0,3100.0
LED01370,P044,2024-06,0,4744.02,-4744.02
LED01371,P044,2024-08,4400.0,3153.03,1246.97
LED01372,P044,2024-09,4400.0,2322.92,2077.08
LED01373,P044,2024-10,4400.0,0,4400.0
LED01374,P044,2024-11,4400.0,0,4400.0
LED01375,P044,2024-12,4400.0,3179.09,1220.91
LED01376,P044,2025-01,4400.0,5406.0,-1006.0
LED01377,P044,2025-02,4400.0,0,4400.0
LED01378,P044,2025-03,4400.0,0,4400.0
LED01379,P044,2025-05,4400.0,0,4400.0
LED01380,P044,2025-06,4400.0,1941.96,2458.04
LED01381,P045,2022-02,1100.0,0,1100.0
LED01382,P045,2022-03,1100.0,0,1100.0
LED01383,P045,2022-04,1100.0,0,1100.0
LED01384,P045,2022-05,1100.0,0,1100.0
LED01385,P045,2022-06,1100.0,0,1100.0
LED01386,P045,2022-07,1100.0,0,1100.0
LED01387,P045,2022-08,1100.0,0,1100.0
LED01388,P045,2022-09,7270.0,0,7270.0
LED01389,P045,2022-10,7270.0,0,7270.0
LED01390,P045,2022-11,10290.0,0,10290.0
LED01391,P045,2022-12,10290.0,0,10290.0
LED01392,P045,2023-01,10290.0,0,10290.0
LED01393,P045,2023-02,9190.0,0,9190.0
LED01394,P045,2023-03,9190.0,0,9190.0
LED01395,P045,2023-04,6150.0,0,6150.0
LED01396,P045,2023-05,6150.0,0,6150.0
LED01397,P045,2023-06,3130.0,0,3130.0
LED01398,P045,2023-07,4620.0,0,4620.0
LED01399,P045,2023-08,6640.0,0,6640.0
LED01400,P045,2023-09,3510.0,0,3510.0
LED01401,P045,2023-10,3510.0,0,3510.0
LED01402,P045,2023-11,3510.0,0,3510.0
LED01403,P045,2023-12,3510.0,0,3510.0
LED01404,P045,2024-01,3510.0,0,3510.0
LED01405,P045,2024-02,5030.0,0,5030.0
LED01406,P045,2024-03,5030.0,0,5030.0
LED01407,P045,2024-04,5030.0,0,5030.0
LED01408,P045,2024-05,5030.0,0,5030.0
LED01409,P045,2024-06,5030.0,1860.27,3169.73
LED01410,P045,2024-07,3540.0,2152.71,1387.29
LED01411,P045,2024-08,1520.0,12800.99,-11280.99
LED01412,P045,2024-09,1520.0,5400.99,-3880.99
LED01413,P045,2024-10,1520.0,2689.42,-1169.42
LED01414,P045,2024-11,1520.0,5445.3,-3925.3
LED01415,P045,2024-12,1520.0,5065.12,-3545.12
LED01416,P045,2025-01,1520.0,0,1520.0
LED01417,P045,2025-02,0,7996.82,-7996.82
LED01418,P045,2025-04,0,5067.9,-5067.9
LED01419,P045,2025-05,0,4693.91,-4693.91
LED01420,P046,2022-01,2270.0,0,2270.0
LED01421,P046,2022-02,2270.0,0,2270.0
LED01422,P046,2022-03,2270.0,0,2270.0
LED01423,P046,2022-04,2270.0,0,2270.0
LED01424,P046,2022-05,2270.0,0,2270.0
LED01425,P046,2022-06,2270.0,0,2270.0
LED01426,P046,2022-07,2270.0,0,2270.0
LED01427,P046,2022-08,2270.0,0,2270.0
LED01428,P046,2022-09,4140.0,0,4140.0
LED01429,P046,2022-10,4140.0,0,4140.0
LED01430,P046,2022-11,4140.0,0,4140.0
LED01431,P046,2022-12,4140.0,0,4140.0
LED01432,P046,2023-01,1870.0,0,1870.0
LED01433,P046,2023-02,1870.0,0,1870.0
LED01434,P046,2023-03,1870.0,0,1870.0
LED01435,P046,2023-04,1870.0,0,1870.0
LED01436,P046,2023-05,1870.0,0,1870.0
LED01437,P046,2023-06,1870.0,0,1870.0
LED01438,P046,2023-07,1870.0,0,1870.0
LED01439,P046,2023-08,1870.0,0,1870.0
LED01440,P046,2023-12,970.0,0,970.0
LED01441,P046,2024-01,970.0,0,970.0
LED01442,P046,2024-02,970.0,0,970.0
LED01443,P046,2024-03,970.0,0,970.0
LED01444,P046,2024-04,970.0,0,970.0
LED01445,P046,2024-06,970.0,0,970.0
LED01446,P046,2024-07,970.0,6794.56,-5824.56
LED01447,P046,2024-08,970.0,2512.5,-1542.5
LED01448,P046,2024-09,6060.0,2691.57,3368.43
LED01449,P046,2024-10,6060.0,0,6060.0
LED01450,P046,2024-11,4010.0,922.15,3087.85
LED01451,P046,2024-12,5090.0,0,5090.0
LED01452,P046,2025-01,5090.0,3017.37,2072.63
LED01453,P046,2025-02,5090.0,1164.03,3925.97
LED01454,P046,2025-03,5090.0,5526.13,-436.13
LED01455,P046,2025-04,5090.0,12103.03,-7013.03
LED01456,P046,2025-05,5090.0,2642.03,2447.97
LED01457,P046,2025-06,5090.0,0,5090.0
LED01458,P047,2023-06,2010.0,0,2010.0
LED01459,P047,2023-07,2010.0,0,2010.0
LED01460,P047,2023-08,2010.0,0,2010.0
LED01461,P047,2023-09,2010.0,0,2010.0
LED01462,P047,2023-10,2010.0,0,2010.0
LED01463,P047,2023-11,3660.0,0,3660.0
LED01464,P047,2023-12,1650.0,0,1650.0
LED01465,P047,2024-02,1650.0,0,1650.0
LED01466,P047,2024-03,1650.0,0,1650.0
LED01467,P047,2024-04,1650.0,0,1650.0
LED01468,P047,2024-05,2940.0,0,2940.0
LED01469,P047,2024-06,2940.0,0,2940.0
LED01470,P047,2024-07,2940.0,2633.7,306.3
LED01471,P047,2024-08,2940.0,4362.12,-1422.12
LED01472,P047,2024-09,6040.0,0,6040.0
LED01473,P047,2024-10,6040.0,0,6040.0
LED01474,P047,2024-11,4390.0,1864.99,2525.01
LED01475,P047,2024-12,4390.0,0,4390.0
LED01476,P047,2025-01,4390.0,2036.57,2353.43
LED01477,P047,2025-02,4390.0,0,4390.0
LED01478,P047,2025-03,4390.0,0,4390.0
LED01479,P047,2025-04,4390.0,1351.14,3038.86
LED01480,P047,2025-05,3100.0,2761.61,338.39
LED01481,P047,2025-06,3100.0,0,3100.0
LED01482,P048,2022-09,2240.0,0,2240.0
LED01483,P048,2022-10,2240.0,0,2240.0
LED01484,P048,2022-11,5020.0,0,5020.0
LED01485,P048,2022-12,5020.0,0,5020.0
LED01486,P048,2023-01,5020.0,0,5020.0
LED01487,P048,2023-02,5020.0,0,5020.0
LED01488,P048,2023-03,5020.0,0,5020.0
LED01489,P048,2023-04,5020.0,0,5020.0
LED01490,P048,2023-05,5020.0,0,5020.0
LED01491,P048,2023-06,2240.0,0,2240.0
LED01492,P048,2023-07,2240.0,0,2240.0
LED01493,P048,2023-08,2240.0,0,2240.0
LED01494,P048,2024-06,1990.0,0,1990.0
LED01495,P048,2024-07,1990.0,2029.08,-39.08
LED01496,P048,2024-08,0,2681.59,-2681.59
LED01497,P048,2024-09,1990.0,0,1990.0
LED01498,P048,2024-10,1990.0,0,1990.0
LED01499,P048,2024-12,0,2516.62,-2516.62
LED01500,P048,2025-01,1990.0,0,1990.0
LED01501,P048,2025-02,1990.0,5489.46,-3499.46
LED01502,P048,2025-03,1990.0,0,1990.0
LED01503,P048,2025-04,1990.0,6357.95,-4367.95
LED01504,P048,2025-05,0,10851.51,-10851.51
LED01505,P049,2022-08,2620.0,0,2620.0
LED01506,P049,2022-09,2620.0,0,2620.0
LED01507,P049,2022-10,4680.0,0,4680.0
LED01508,P049,2022-11,4680.0,0,4680.0
LED01509,P049,2022-12,4680.0,0,4680.0
LED01510,P049,2023-01,4680.0,0,4680.0
LED01511,P049,2023-02,4680.0,0,4680.0
LED01512,P049,2023-03,4680.0,0,4680.0
LED01513,P049,2023-04,4680.0,0,4680.0
LED01514,P049,2023-05,6580.0,0,6580.0
LED01515,P049,2023-06,7730.0,0,7730.0
LED01516,P049,2023-07,7730.0,0,7730.0
LED01517,P049,2023-08,5110.0,0,5110.0
LED01518,P049,2023-09,5110.0,0,5110.0
LED01519,P049,2023-10,3050.0,0,3050.0
LED01520,P049,2023-11,3050.0,0,3050.0
LED01521,P049,2023-12,3050.0,0,3050.0
LED01522,P049,2024-01,1900.0,0,1900.0
LED01523,P049,2024-02,6730.0,0,6730.0
LED01524,P049,2024-03,6730.0,0,6730.0
LED01525,P049,2024-04,6730.0,0,6730.0
LED01526,P049,2024-05,4830.0,0,4830.0
LED01527,P049,2024-06,4830.0,6092.98,-1262.98
LED01528,P049,2024-07,6650.0,8880.4,-2230.4
LED01529,P049,2024-08,6650.0,9162.74,-2512.74
LED01530,P049,2024-09,8780.0,2906.11,5873.89
LED01531,P049,2024-10,10130.0,8824.21,1305.79
LED01532,P049,2024-11,10130.0,7956.05,2173.95
LED01533,P049,2024-12,11930.0,8088.31,3841.69
LED01534,P049,2025-01,11930.0,7948.05,3981.95
LED01535,P049,2025-02,7100.0,2622.78,4477.22
LED01536,P049,2025-03,7100.0,8678.52,-1578.52
LED01537,P049,2025-04,7100.0,5884.15,1215.85
LED01538,P049,2025-05,5750.0,10838.52,-5088.52
LED01539,P049,2025-06,5750.0,2973.86,2776.14
LED01540,P050,2022-02,3100.0,0,3100.0
LED01541,P050,2022-03,3100.0,0,3100.0
LED01542,P050,2022-04,3100.0,0,3100.0
LED01543,P050,2022-05,5090.0,0,5090.0
LED01544,P050,2022-06,5090.0,0,5090.0
LED01545,P050,2022-07,6810.0,0,6810.0
LED01546,P050,2022-08,6810.0,0,6810.0
LED01547,P050,2022-09,6810.0,0,6810.0
LED01548,P050,2022-10,6810.0,0,6810.0
LED01549,P050,2022-11,6810.0,0,6810.0
LED01550,P050,2022-12,8200.0,0,8200.0
LED01551,P050,2023-01,8200.0,0,8200.0
LED01552,P050,2023-02,5100.0,0,5100.0
LED01553,P050,2023-03,5100.0,0,5100.0
LED01554,P050,2023-04,5100.0,0,5100.0
LED01555,P050,2023-05,6100.0,0,6100.0
LED01556,P050,2023-06,6100.0,0,6100.0
LED01557,P050,2023-07,2990.0,0,2990.0
LED01558,P050,2023-08,2990.0,0,2990.0
LED01559,P050,2023-09,2990.0,0,2990.0
LED01560,P050,2023-10,2990.0,0,2990.0
LED01561,P050,2023-11,2990.0,0,2990.0
LED01562,P050,2024-02,3050.0,0,3050.0
LED01563,P050,2024-03,4160.0,0,4160.0
LED01564,P050,2024-04,4160.0,0,4160.0
LED01565,P050,2024-05,4160.0,0,4160.0
LED01566,P050,2024-06,4160.0,8863.51,-4703.51
LED01567,P050,2024-07,4160.0,10592.87,-6432.87
LED01568,P050,2024-08,5660.0,13063.45,-7403.45
LED01569,P050,2024-09,5660.0,4875.16,784.84
LED01570,P050,2024-10,5660.0,5737.59,-77.59
LED01571,P050,2024-11,8810.0,8777.65,32.35
LED01572,P050,2024-12,8810.0,2445.71,6364.29
LED01573,P050,2025-01,8810.0,3043.76,5766.24
LED01574,P050,2025-02,4260.0,3219.16,1040.84
LED01575,P050,2025-03,4650.0,5557.78,-907.78
LED01576,P050,2025-04,4650.0,0,4650.0
LED01577,P050,2025-05,3150.0,2695.19,454.81
LED01578,P050,2025-06,3150.0,0,3150.0
