invoice_id,work_order_id,vendor_id,property_id,invoice_date,labor_hours,labor_cost,parts_cost,total_amount
INV00001,WO00003,V006,P012,2024-08-15,4.68,741.92,758.66,1500.58
INV00002,WO00006,V003,P032,2024-11-16,16,2247.68,129.49,2377.17
INV00003,WO00007,V021,P007,2024-08-07,16,2586.88,197.23,2784.11
INV00004,WO00012,V001,P013,2025-02-16,16,1619.52,303.46,1922.98
INV00005,WO00015,V002,P018,2025-05-27,16,2453.44,181.22,2634.66
INV00006,WO00018,V007,P021,2025-05-09,16,2955.2,57.8,3013.0
INV00007,WO00019,V021,P049,2025-02-07,16,2586.88,35.9,2622.78
INV00008,WO00020,V003,P010,2025-05-12,16,2247.68,373.2,2620.88
INV00009,WO00021,V023,P030,2024-06-08,3.46,353.4,233.99,587.39
INV00010,WO00023,V008,P021,2024-07-29,16,1683.36,281.34,1964.7
INV00011,WO00024,V016,P027,2024-09-16,16,2488.48,75.82,2564.3
INV00012,WO00025,V002,P012,2024-09-03,16,2453.44,379.59,2833.03
INV00013,WO00027,V030,P050,2024-12-01,11.97,2208.94,236.77,2445.71
INV00014,WO00029,V021,P007,2024-09-09,16,2586.88,156.57,2743.45
INV00015,WO00033,V016,P007,2025-02-10,16,2488.48,154.49,2642.97
INV00016,WO00035,V007,P050,2024-11-17,16,2955.2,67.12,3022.32
INV00017,WO00037,V020,P002,2025-06-02,16,2735.2,28.46,2763.66
INV00018,WO00038,V005,P009,2025-01-31,16,1569.76,18.37,1588.13
INV00019,WO00039,V008,P038,2024-08-24,16,1683.36,298.82,1982.18
INV00020,WO00040,V008,P010,2024-10-17,16,1683.36,35.1,1718.46
INV00021,WO00042,V003,P050,2024-08-19,16,2247.68,234.52,2482.2
INV00022,WO00043,V016,P005,2024-12-03,8.77,1364.0,170.1,1534.1
INV00023,WO00044,V021,P043,2025-01-21,16,2586.88,134.37,2721.25
INV00024,WO00045,V008,P013,2024-11-09,16,1683.36,177.93,1861.29
INV00025,WO00046,V023,P038,2024-11-05,16,1634.24,403.07,2037.31
INV00026,WO00048,V005,P039,2025-01-20,16,1569.76,129.76,1699.52
INV00027,WO00049,V021,P023,2024-06-30,16,2586.88,190.05,2776.93
INV00028,WO00050,V006,P012,2024-09-24,16,2536.48,153.98,2690.46
INV00029,WO00051,V018,P016,2025-05-15,4.76,654.31,509.22,1163.53
INV00030,WO00052,V017,P006,2024-11-22,16,2659.04,4.21,2663.25
INV00031,WO00054,V030,P028,2025-03-09,16,2952.64,307.73,3260.37
INV00032,WO00055,V013,P014,2025-05-23,16,2420.8,223.0,2643.8
INV00033,WO00056,V022,P032,2025-03-23,16,2632.96,29.46,2662.42
INV00034,WO00058,V030,P048,2024-12-24,0.89,164.24,349.35,513.59
INV00035,WO00060,V002,P012,2024-08-09,16,2453.44,288.72,2742.16
INV00036,WO00061,V011,P002,2024-08-18,16,2301.92,278.27,2580.19
INV00037,WO00062,V002,P028,2025-04-21,16,2453.44,258.02,2711.46
INV00038,WO00064,V022,P037,2024-06-29,4.17,686.22,37.91,724.13
INV00039,WO00065,V020,P040,2025-06-03,16,2735.2,632.01,3367.21
INV00040,WO00068,V007,P037,2025-02-02,16,2955.2,100.29,3055.49
INV00041,WO00069,V030,P022,2025-03-28,16,2952.64,97.31,3049.95
INV00042,WO00070,V008,P026,2024-11-10,16,1683.36,34.73,1718.09
INV00043,WO00071,V011,P029,2025-02-22,16,2301.92,3.56,2305.48
INV00044,WO00072,V008,P009,2024-10-30,16,1683.36,246.22,1929.58
INV00045,WO00073,V016,P029,2024-12-11,6.75,1049.83,89.19,1139.02
INV00046,WO00075,V023,P049,2024-07-20,1.93,197.13,41.85,238.98
INV00047,WO00076,V018,P021,2024-08-10,16,2199.36,739.58,2938.94
INV00048,WO00078,V023,P016,2024-09-02,16,1634.24,261.48,1895.72
INV00049,WO00079,V013,P003,2024-09-23,16,2420.8,308.13,2728.93
INV00050,WO00080,V006,P018,2024-09-14,16,2536.48,829.84,3366.32
INV00051,WO00081,V001,P032,2025-01-10,16,1619.52,392.74,2012.26
INV00052,WO00082,V020,P031,2025-02-19,16,2735.2,11.84,2747.04
INV00053,WO00083,V022,P040,2024-08-14,16,2632.96,134.15,2767.11
INV00054,WO00084,V022,P048,2025-02-28,16,2632.96,101.83,2734.79
INV00055,WO00086,V008,P014,2024-07-10,9.75,1025.8,310.01,1335.81
INV00056,WO00087,V001,P023,2025-02-05,16,1619.52,411.87,2031.39
INV00057,WO00091,V001,P032,2024-10-25,16,1619.52,117.08,1736.6
INV00058,WO00092,V006,P015,2024-10-04,16,2536.48,123.03,2659.51
INV00059,WO00093,V018,P037,2025-03-13,16,2199.36,483.6,2682.96
INV00060,WO00094,V020,P037,2024-08-03,16,2735.2,410.17,3145.37
INV00061,WO00096,V001,P002,2025-03-22,16,1619.52,181.63,1801.15
INV00062,WO00098,V023,P012,2024-11-04,16,1634.24,69.63,1703.87
INV00063,WO00100,V008,P001,2025-06-21,16,1683.36,74.97,1758.33
INV00064,WO00102,V016,P021,2024-07-20,16,2488.48,4.18,2492.66
INV00065,WO00103,V018,P029,2024-06-22,16,2199.36,220.17,2419.53
INV00066,WO00104,V001,P023,2024-10-22,6.17,624.53,323.94,948.47
INV00067,WO00105,V007,P007,2024-12-26,16,2955.2,16.83,2972.03
INV00068,WO00106,V021,P009,2025-05-06,16,2586.88,172.02,2758.9
INV00069,WO00107,V003,P032,2024-10-31,16,2247.68,374.77,2622.45
INV00070,WO00108,V001,P031,2025-01-13,16,1619.52,360.33,1979.85
INV00071,WO00109,V028,P018,2025-03-07,16,2176.0,218.14,2394.14
INV00072,WO00110,V008,P037,2024-08-09,16,1683.36,279.18,1962.54
INV00073,WO00113,V030,P015,2025-02-05,16,2952.64,284.43,3237.07
INV00074,WO00114,V002,P029,2025-01-03,16,2453.44,329.57,2783.01
INV00075,WO00115,V007,P024,2024-11-08,16,2955.2,8.85,2964.05
INV00076,WO00116,V011,P014,2024-10-01,16,2301.92,639.78,2941.7
INV00077,WO00118,V007,P025,2025-03-04,1.88,347.24,137.26,484.5
INV00078,WO00119,V028,P011,2024-07-10,3.42,465.12,194.47,659.59
INV00079,WO00120,V021,P022,2024-08-13,3.68,594.98,4.28,599.26
INV00080,WO00121,V005,P033,2025-04-24,16,1569.76,77.45,1647.21
INV00081,WO00123,V030,P046,2024-07-04,16,2952.64,257.05,3209.69
INV00082,WO00124,V028,P045,2025-04-07,16,2176.0,317.41,2493.41
INV00083,WO00128,V016,P020,2024-07-18,16,2488.48,146.17,2634.65
INV00084,WO00129,V022,P049,2025-03-06,16,2632.96,218.6,2851.56
INV00085,WO00130,V018,P028,2024-11-11,16,2199.36,17.07,2216.43
INV00086,WO00131,V006,P012,2024-09-04,16,2536.48,168.27,2704.75
INV00087,WO00132,V030,P025,2024-08-10,16,2952.64,357.63,3310.27
INV00088,WO00134,V013,P031,2024-08-09,16,2420.8,839.97,3260.77
INV00089,WO00136,V005,P014,2025-06-02,16,1569.76,66.16,1635.92
INV00090,WO00137,V028,P029,2024-12-18,16,2176.0,379.89,2555.89
INV00091,WO00139,V016,P038,2024-08-16,16,2488.48,207.49,2695.97
INV00092,WO00140,V008,P040,2024-11-29,16,1683.36,128.24,1811.6
INV00093,WO00141,V016,P014,2024-10-19,16,2488.48,153.55,2642.03
INV00094,WO00143,V020,P029,2024-12-07,4.28,731.67,574.3,1305.97
INV00095,WO00144,V005,P032,2024-08-04,16,1569.76,107.26,1677.02
INV00096,WO00146,V017,P049,2024-07-18,16,2659.04,184.62,2843.66
INV00097,WO00147,V005,P024,2025-06-02,16,1569.76,118.17,1687.93
INV00098,WO00148,V001,P014,2024-09-21,16,1619.52,13.03,1632.55
INV00099,WO00149,V003,P002,2025-05-13,16,2247.68,407.86,2655.54
INV00100,WO00152,V013,P037,2024-12-13,6.5,983.45,430.0,1413.45
INV00101,WO00153,V018,P050,2025-05-23,16,2199.36,495.83,2695.19
INV00102,WO00155,V005,P025,2024-09-09,16,1569.76,16.56,1586.32
INV00103,WO00156,V016,P021,2025-02-12,16,2488.48,33.01,2521.49
INV00104,WO00158,V008,P040,2024-12-31,16,1683.36,84.74,1768.1
INV00105,WO00159,V011,P025,2025-01-21,16,2301.92,519.98,2821.9
INV00106,WO00162,V007,P037,2024-07-11,16,2955.2,125.44,3080.64
INV00107,WO00163,V013,P031,2024-10-14,16,2420.8,309.2,2730.0
INV00108,WO00164,V005,P003,2024-06-20,9.6,941.86,141.93,1083.79
INV00109,WO00166,V013,P012,2025-05-02,3.21,485.67,330.58,816.25
INV00110,WO00167,V028,P012,2024-06-12,11.46,1558.56,139.51,1698.07
INV00111,WO00168,V013,P016,2024-09-11,16,2420.8,278.54,2699.34
INV00112,WO00169,V008,P032,2024-10-24,16,1683.36,356.95,2040.31
INV00113,WO00170,V021,P032,2024-12-31,16,2586.88,119.16,2706.04
INV00114,WO00171,V006,P018,2024-12-15,16,2536.48,174.69,2711.17
INV00115,WO00175,V011,P046,2024-11-08,4.0,575.48,346.67,922.15
INV00116,WO00176,V030,P029,2024-10-21,16,2952.64,102.15,3054.79
INV00117,WO00177,V005,P028,2025-01-30,16,1569.76,129.38,1699.14
INV00118,WO00179,V028,P003,2024-06-23,16,2176.0,162.39,2338.39
INV00119,WO00180,V013,P005,2024-06-09,16,2420.8,48.35,2469.15
INV00120,WO00181,V008,P005,2025-03-20,16,1683.36,257.56,1940.92
INV00121,WO00182,V018,P031,2025-03-04,16,2199.36,37.71,2237.07
INV00122,WO00183,V030,P022,2024-09-10,16,2952.64,216.71,3169.35
INV00123,WO00186,V003,P032,2024-11-27,16,2247.68,85.02,2332.7
INV00124,WO00187,V030,P014,2024-11-20,16,2952.64,129.15,3081.79
INV00125,WO00188,V007,P009,2024-07-14,16,2955.2,146.05,3101.25
INV00126,WO00190,V022,P012,2025-04-16,16,2632.96,43.93,2676.89
INV00127,WO00192,V018,P012,2024-07-11,16,2199.36,523.9,2723.26
INV00128,WO00193,V022,P010,2024-10-08,16,2632.96,32.05,2665.01
INV00129,WO00194,V016,P001,2025-03-08,16,2488.48,219.98,2708.46
INV00130,WO00195,V013,P040,2025-01-23,16,2420.8,260.21,2681.01
INV00131,WO00196,V023,P008,2024-09-09,16,1634.24,212.88,1847.12
INV00132,WO00198,V001,P042,2024-06-05,16,1619.52,333.9,1953.42
INV00133,WO00199,V008,P013,2025-04-14,16,1683.36,21.75,1705.11
INV00134,WO00200,V005,P031,2024-10-23,16,1569.76,41.94,1611.7
INV00135,WO00201,V005,P012,2024-09-15,16,1569.76,82.85,1652.61
INV00136,WO00202,V007,P022,2025-05-29,2.69,496.84,362.32,859.16
INV00137,WO00204,V008,P002,2025-05-05,16,1683.36,346.91,2030.27
INV00138,WO00206,V016,P022,2024-07-13,16,2488.48,7.6,2496.08
INV00139,WO00207,V030,P007,2025-04-11,16,2952.64,233.13,3185.77
INV00140,WO00208,V001,P031,2024-11-29,16,1619.52,89.99,1709.51
INV00141,WO00209,V005,P005,2024-07-17,16,1569.76,116.31,1686.07
INV00142,WO00211,V011,P007,2024-07-06,16,2301.92,573.85,2875.77
INV00143,WO00212,V013,P050,2024-10-22,16,2420.8,575.76,2996.56
INV00144,WO00213,V022,P025,2024-12-07,16,2632.96,195.71,2828.67
INV00145,WO00214,V018,P016,2024-08-20,8.88,1220.64,441.14,1661.78
INV00146,WO00215,V008,P021,2025-03-14,16,1683.36,11.8,1695.16
INV00147,WO00216,V011,P049,2024-08-02,16,2301.92,751.74,3053.66
INV00148,WO00219,V022,P009,2024-09-09,16,2632.96,21.88,2654.84
INV00149,WO00220,V018,P028,2025-02-04,16,2199.36,148.26,2347.62
INV00150,WO00222,V021,P045,2025-02-21,16,2586.88,154.88,2741.76
INV00151,WO00227,V006,P049,2024-06-05,11.01,1745.42,662.96,2408.38
INV00152,WO00228,V005,P032,2025-01-29,16,1569.76,6.46,1576.22
INV00153,WO00229,V018,P040,2024-11-24,16,2199.36,834.33,3033.69
INV00154,WO00233,V022,P028,2025-01-06,16,2632.96,62.96,2695.92
INV00155,WO00234,V005,P028,2024-08-31,6.74,661.26,59.84,721.1
INV00156,WO00235,V028,P028,2024-06-12,16,2176.0,204.95,2380.95
INV00157,WO00237,V030,P023,2025-04-15,16,2952.64,319.36,3272.0
INV00158,WO00238,V030,P005,2024-12-22,16,2952.64,326.38,3279.02
INV00159,WO00240,V002,P044,2025-01-11,16,2453.44,187.85,2641.29
INV00160,WO00243,V008,P021,2025-04-29,16,1683.36,158.34,1841.7
INV00161,WO00244,V003,P012,2024-07-18,16,2247.68,328.16,2575.84
INV00162,WO00247,V017,P018,2025-01-06,16,2659.04,395.95,3054.99
INV00163,WO00248,V017,P032,2024-09-18,16,2659.04,31.89,2690.93
INV00164,WO00250,V022,P021,2024-10-23,16,2632.96,12.06,2645.02
INV00165,WO00252,V013,P032,2024-07-22,16,2420.8,435.61,2856.41
INV00166,WO00253,V028,P012,2025-01-28,16,2176.0,101.09,2277.09
INV00167,WO00254,V022,P029,2024-11-27,16,2632.96,216.34,2849.3
INV00168,WO00255,V021,P029,2025-06-09,16,2586.88,107.41,2694.29
INV00169,WO00256,V017,P033,2025-04-27,16,2659.04,157.84,2816.88
INV00170,WO00257,V018,P021,2024-11-02,16,2199.36,222.21,2421.57
INV00171,WO00260,V005,P012,2024-12-24,16,1569.76,26.74,1596.5
INV00172,WO00262,V013,P007,2024-12-07,16,2420.8,28.01,2448.81
INV00173,WO00263,V016,P005,2024-10-29,16,2488.48,186.61,2675.09
INV00174,WO00265,V028,P031,2025-01-04,16,2176.0,194.31,2370.31
INV00175,WO00266,V006,P040,2025-04-11,16,2536.48,606.39,3142.87
INV00176,WO00267,V018,P012,2024-12-10,16,2199.36,194.14,2393.5
INV00177,WO00270,V006,P012,2024-09-06,16,2536.48,819.85,3356.33
INV00178,WO00271,V002,P010,2025-02-13,16,2453.44,262.87,2716.31
INV00179,WO00272,V023,P040,2025-02-02,16,1634.24,3.1,1637.34
INV00180,WO00273,V030,P028,2025-05-15,16,2952.64,260.69,3213.33
INV00181,WO00274,V028,P025,2024-12-07,16,2176.0,30.31,2206.31
INV00182,WO00276,V003,P020,2024-08-20,16,2247.68,188.06,2435.74
INV00183,WO00277,V017,P005,2025-06-07,16,2659.04,129.54,2788.58
INV00184,WO00280,V030,P005,2024-08-29,16,2952.64,330.09,3282.73
INV00185,WO00283,V003,P002,2024-12-28,16,2247.68,132.18,2379.86
INV00186,WO00284,V030,P037,2024-11-14,16,2952.64,34.92,2987.56
INV00187,WO00285,V006,P029,2024-12-28,16,2536.48,269.85,2806.33
INV00188,WO00287,V013,P014,2025-03-04,16,2420.8,20.55,2441.35
INV00189,WO00293,V006,P014,2024-07-30,16,2536.48,728.48,3264.96
INV00190,WO00297,V021,P037,2024-11-23,16,2586.88,75.7,2662.58
INV00191,WO00298,V008,P023,2024-10-22,16,1683.36,63.64,1747.0
INV00192,WO00299,V022,P048,2025-02-07,16,2632.96,121.71,2754.67
INV00193,WO00300,V020,P007,2024-07-22,16,2735.2,8.23,2743.43
INV00194,WO00302,V007,P029,2025-05-26,16,2955.2,36.81,2992.01
INV00195,WO00304,V013,P012,2025-05-10,16,2420.8,827.54,3248.34
INV00196,WO00305,V008,P012,2024-12-12,16,1683.36,174.68,1858.04
INV00197,WO00306,V030,P016,2025-01-08,16,2952.64,68.73,3021.37
INV00198,WO00307,V016,P010,2024-10-28,16,2488.48,49.61,2538.09
INV00199,WO00308,V007,P029,2025-01-07,16,2955.2,64.56,3019.76
INV00200,WO00309,V013,P018,2024-07-30,16,2420.8,554.49,2975.29
INV00201,WO00310,V022,P010,2025-05-21,16,2632.96,145.75,2778.71
INV00202,WO00311,V008,P007,2024-08-07,16,1683.36,67.12,1750.48
INV00203,WO00313,V005,P012,2024-11-11,16,1569.76,143.59,1713.35
INV00204,WO00314,V006,P022,2025-03-22,16,2536.48,720.17,3256.65
INV00205,WO00315,V003,P014,2024-12-16,16,2247.68,130.93,2378.61
INV00206,WO00316,V008,P040,2024-09-20,16,1683.36,348.03,2031.39
INV00207,WO00317,V001,P002,2024-12-23,16,1619.52,258.77,1878.29
INV00208,WO00318,V028,P016,2025-04-07,16,2176.0,295.9,2471.9
INV00209,WO00319,V002,P040,2024-11-26,16,2453.44,13.62,2467.06
INV00210,WO00320,V001,P005,2024-09-04,16,1619.52,59.99,1679.51
INV00211,WO00321,V022,P034,2025-05-26,16,2632.96,7.99,2640.95
INV00212,WO00323,V005,P014,2024-06-23,16,1569.76,80.18,1649.94
INV00213,WO00327,V011,P022,2024-11-17,16,2301.92,485.7,2787.62
INV00214,WO00329,V016,P029,2025-01-18,16,2488.48,95.46,2583.94
INV00215,WO00330,V001,P028,2024-12-21,16,1619.52,85.97,1705.49
INV00216,WO00331,V006,P032,2024-08-10,16,2536.48,752.26,3288.74
INV00217,WO00332,V005,P022,2025-01-03,16,1569.76,211.33,1781.09
INV00218,WO00333,V030,P039,2024-06-14,16,2952.64,42.57,2995.21
INV00219,WO00334,V003,P023,2025-01-17,16,2247.68,78.75,2326.43
INV00220,WO00335,V017,P002,2024-06-17,16,2659.04,409.14,3068.18
INV00221,WO00338,V016,P022,2025-03-10,16,2488.48,185.48,2673.96
INV00222,WO00342,V016,P040,2024-08-27,16,2488.48,83.13,2571.61
INV00223,WO00344,V021,P007,2024-11-09,16,2586.88,53.74,2640.62
INV00224,WO00345,V030,P048,2025-05-13,16,2952.64,138.01,3090.65
INV00225,WO00346,V006,P040,2024-09-25,9.86,1563.11,619.84,2182.95
INV00226,WO00347,V021,P010,2024-09-26,16,2586.88,45.53,2632.41
INV00227,WO00348,V021,P029,2024-10-25,16,2586.88,6.45,2593.33
INV00228,WO00349,V007,P029,2024-12-19,16,2955.2,77.15,3032.35
INV00229,WO00351,V028,P021,2024-09-14,16,2176.0,392.38,2568.38
INV00230,WO00352,V021,P040,2025-03-16,16,2586.88,181.95,2768.83
INV00231,WO00353,V030,P006,2024-12-01,16,2952.64,370.68,3323.32
INV00232,WO00357,V028,P037,2025-01-11,16,2176.0,39.21,2215.21
INV00233,WO00359,V020,P035,2025-03-07,16,2735.2,287.27,3022.47
INV00234,WO00360,V007,P040,2024-09-28,16,2955.2,159.45,3114.65
INV00235,WO00363,V007,P026,2024-07-08,16,2955.2,89.87,3045.07
INV00236,WO00364,V022,P049,2024-12-28,16,2632.96,174.98,2807.94
INV00237,WO00365,V006,P007,2024-10-24,16,2536.48,833.26,3369.74
INV00238,WO00367,V017,P005,2025-02-05,16,2659.04,152.0,2811.04
INV00239,WO00368,V017,P012,2024-07-17,16,2659.04,92.94,2751.98
INV00240,WO00370,V005,P028,2024-11-04,16,1569.76,70.42,1640.18
INV00241,WO00371,V002,P012,2025-05-28,16,2453.44,266.98,2720.42
INV00242,WO00372,V008,P007,2025-05-06,16,1683.36,210.0,1893.36
INV00243,WO00373,V028,P005,2024-10-04,4.46,606.56,59.48,666.04
INV00244,WO00374,V030,P012,2025-03-19,16,2952.64,137.02,3089.66
INV00245,WO00376,V006,P016,2025-01-08,16,2536.48,263.57,2800.05
INV00246,WO00377,V022,P021,2024-07-08,16,2632.96,142.64,2775.6
INV00247,WO00379,V017,P040,2024-12-09,16,2659.04,152.34,2811.38
INV00248,WO00380,V013,P022,2025-01-25,16,2420.8,664.34,3085.14
INV00249,WO00381,V013,P037,2025-05-01,16,2420.8,217.32,2638.12
INV00250,WO00382,V011,P022,2024-12-13,16,2301.92,837.58,3139.5
INV00251,WO00383,V007,P029,2024-11-11,16,2955.2,137.09,3092.29
INV00252,WO00384,V021,P031,2024-11-30,16,2586.88,159.79,2746.67
INV00253,WO00386,V002,P021,2025-04-21,16,2453.44,147.63,2601.07
INV00254,WO00392,V018,P012,2024-12-29,16,2199.36,546.41,2745.77
INV00255,WO00393,V007,P040,2025-01-13,16,2955.2,190.76,3145.96
INV00256,WO00394,V007,P048,2025-05-27,11.86,2190.54,347.65,2538.19
INV00257,WO00396,V020,P029,2025-01-28,16,2735.2,181.57,2916.77
INV00258,WO00398,V008,P049,2025-05-19,16,1683.36,142.61,1825.97
INV00259,WO00399,V007,P015,2025-02-24,16,2955.2,228.02,3183.22
INV00260,WO00401,V005,P018,2024-11-10,12.72,1247.96,132.88,1380.84
INV00261,WO00402,V007,P010,2025-04-18,16,2955.2,6.01,2961.21
INV00262,WO00403,V018,P020,2024-09-04,16,2199.36,723.9,2923.26
INV00263,WO00405,V005,P002,2024-08-22,16,1569.76,7.12,1576.88
INV00264,WO00406,V030,P024,2025-02-12,16,2952.64,45.59,2998.23
INV00265,WO00407,V020,P016,2024-11-29,16,2735.2,491.61,3226.81
INV00266,WO00409,V017,P032,2024-06-09,16,2659.04,342.2,3001.24
INV00267,WO00410,V007,P022,2025-05-06,16,2955.2,240.92,3196.12
INV00268,WO00411,V030,P038,2025-04-07,16,2952.64,106.61,3059.25
INV00269,WO00412,V020,P001,2024-06-19,16,2735.2,332.73,3067.93
INV00270,WO00414,V018,P044,2024-09-08,16,2199.36,123.56,2322.92
INV00271,WO00415,V016,P039,2024-07-14,16,2488.48,113.34,2601.82
INV00272,WO00416,V005,P006,2024-07-05,16,1569.76,218.15,1787.91
INV00273,WO00418,V016,P031,2024-11-25,16,2488.48,148.25,2636.73
INV00274,WO00419,V022,P027,2024-06-17,16,2632.96,118.34,2751.3
INV00275,WO00420,V005,P012,2025-05-21,16,1569.76,140.02,1709.78
INV00276,WO00421,V001,P026,2025-03-12,16,1619.52,268.37,1887.89
INV00277,WO00423,V005,P016,2025-02-24,16,1569.76,36.23,1605.99
INV00278,WO00424,V011,P013,2025-06-01,10.46,1504.88,2.97,1507.85
INV00279,WO00425,V006,P007,2024-12-22,16,2536.48,803.85,3340.33
INV00280,WO00428,V021,P025,2024-09-21,16,2586.88,17.67,2604.55
INV00281,WO00429,V017,P024,2024-09-15,16,2659.04,95.49,2754.53
INV00282,WO00430,V001,P014,2024-08-13,16,1619.52,142.53,1762.05
INV00283,WO00431,V003,P005,2024-07-07,16,2247.68,158.17,2405.85
INV00284,WO00432,V008,P012,2024-11-04,16,1683.36,95.96,1779.32
INV00285,WO00433,V003,P025,2024-07-24,16,2247.68,303.48,2551.16
INV00286,WO00435,V018,P040,2024-10-05,16,2199.36,634.28,2833.64
INV00287,WO00436,V013,P050,2024-09-10,16,2420.8,770.85,3191.65
INV00288,WO00439,V020,P040,2025-01-21,16,2735.2,797.01,3532.21
INV00289,WO00441,V017,P008,2024-09-05,16,2659.04,27.06,2686.1
INV00290,WO00442,V018,P022,2024-12-28,16,2199.36,493.4,2692.76
INV00291,WO00443,V023,P037,2025-03-24,16,1634.24,402.02,2036.26
INV00292,WO00444,V021,P032,2024-10-03,16,2586.88,10.94,2597.82
INV00293,WO00445,V021,P018,2025-03-07,16,2586.88,197.5,2784.38
INV00294,WO00446,V018,P005,2024-09-08,16,2199.36,611.06,2810.42
INV00295,WO00447,V008,P009,2024-09-26,14.52,1527.65,178.78,1706.43
INV00296,WO00448,V021,P029,2025-01-20,16,2586.88,93.44,2680.32
INV00297,WO00449,V016,P012,2024-09-22,16,2488.48,29.75,2518.23
INV00298,WO00450,V030,P002,2024-12-21,16,2952.64,52.82,3005.46
INV00299,WO00451,V016,P016,2025-04-17,11.13,1731.05,90.82,1821.87
INV00300,WO00452,V011,P042,2024-09-04,16,2301.92,810.84,3112.76
INV00301,WO00453,V011,P027,2024-08-21,16,2301.92,480.67,2782.59
INV00302,WO00456,V001,P043,2024-08-22,16,1619.52,109.65,1729.17
INV00303,WO00457,V008,P031,2024-11-25,16,1683.36,198.18,1881.54
INV00304,WO00459,V006,P024,2025-05-30,16,2536.48,366.02,2902.5
INV00305,WO00461,V022,P046,2025-05-25,16,2632.96,9.07,2642.03
INV00306,WO00463,V030,P018,2024-09-15,16,2952.64,158.97,3111.61
INV00307,WO00464,V006,P014,2025-04-23,16,2536.48,95.49,2631.97
INV00308,WO00465,V016,P031,2024-08-27,6.73,1046.72,94.14,1140.86
INV00309,WO00466,V002,P032,2025-02-26,16,2453.44,137.94,2591.38
INV00310,WO00471,V030,P012,2024-10-27,16,2952.64,345.07,3297.71
INV00311,WO00472,V001,P022,2024-08-16,16,1619.52,276.54,1896.06
INV00312,WO00476,V006,P037,2024-09-07,16,2536.48,631.55,3168.03
INV00313,WO00479,V002,P028,2025-01-19,16,2453.44,70.86,2524.3
INV00314,WO00480,V006,P007,2024-09-07,12.33,1954.67,23.94,1978.61
INV00315,WO00481,V020,P026,2024-09-08,16,2735.2,254.29,2989.49
INV00316,WO00483,V006,P012,2024-10-27,16,2536.48,314.48,2850.96
INV00317,WO00484,V022,P007,2025-01-15,16,2632.96,21.17,2654.13
INV00318,WO00485,V001,P029,2025-05-31,16,1619.52,410.68,2030.2
INV00319,WO00487,V021,P040,2024-09-29,16,2586.88,77.22,2664.1
INV00320,WO00489,V013,P050,2024-06-15,16,2420.8,471.3,2892.1
INV00321,WO00492,V018,P042,2025-03-09,3.81,523.72,378.77,902.49
INV00322,WO00493,V005,P031,2025-02-09,16,1569.76,46.48,1616.24
INV00323,WO00494,V007,P049,2024-10-09,16,2955.2,282.3,3237.5
INV00324,WO00496,V016,P008,2024-10-31,16,2488.48,198.84,2687.32
INV00325,WO00497,V016,P040,2024-10-06,7.08,1101.15,201.77,1302.92
INV00326,WO00498,V008,P021,2024-10-28,16,1683.36,361.77,2045.13
INV00327,WO00499,V011,P043,2024-10-12,16,2301.92,497.29,2799.21
INV00328,WO00500,V018,P004,2024-11-17,16,2199.36,829.26,3028.62
INV00329,WO00502,V002,P021,2024-10-20,2.6,398.68,41.45,440.13
INV00330,WO00504,V011,P025,2024-11-28,16,2301.92,664.22,2966.14
INV00331,WO00505,V011,P016,2024-11-07,16,2301.92,242.16,2544.08
INV00332,WO00506,V008,P032,2024-11-02,15.91,1673.89,155.34,1829.23
INV00333,WO00507,V003,P020,2024-12-15,16,2247.68,201.39,2449.07
INV00334,WO00508,V016,P028,2024-08-01,16,2488.48,122.1,2610.58
INV00335,WO00509,V021,P001,2024-06-10,12.29,1987.05,37.31,2024.36
INV00336,WO00515,V005,P013,2025-05-29,16,1569.76,122.12,1691.88
INV00337,WO00517,V003,P010,2025-02-01,2.21,310.46,24.35,334.81
INV00338,WO00519,V022,P031,2024-06-14,10.19,1676.87,142.73,1819.6
INV00339,WO00520,V017,P031,2024-09-27,9.09,1510.67,395.91,1906.58
INV00340,WO00521,V001,P002,2024-12-25,16,1619.52,413.36,2032.88
INV00341,WO00522,V008,P010,2024-08-23,16,1683.36,220.53,1903.89
INV00342,WO00524,V005,P022,2024-12-29,16,1569.76,103.07,1672.83
INV00343,WO00525,V003,P040,2025-03-27,16,2247.68,243.65,2491.33
INV00344,WO00528,V016,P009,2025-02-05,16,2488.48,113.22,2601.7
INV00345,WO00529,V005,P043,2024-07-14,16,1569.76,31.74,1601.5
INV00346,WO00530,V028,P043,2024-06-07,16,2176.0,140.68,2316.68
INV00347,WO00531,V006,P019,2025-01-07,16,2536.48,213.25,2749.73
INV00348,WO00533,V005,P007,2024-08-19,16,1569.76,188.83,1758.59
INV00349,WO00535,V007,P028,2024-07-06,16,2955.2,126.75,3081.95
INV00350,WO00538,V007,P029,2024-10-22,16,2955.2,70.55,3025.75
INV00351,WO00539,V022,P035,2025-04-04,16,2632.96,191.19,2824.15
INV00352,WO00540,V018,P040,2024-12-11,16,2199.36,347.99,2547.35
INV00353,WO00541,V021,P012,2025-03-14,16,2586.88,25.92,2612.8
INV00354,WO00542,V018,P010,2024-11-06,16,2199.36,103.86,2303.22
INV00355,WO00543,V021,P028,2024-10-13,16,2586.88,174.16,2761.04
INV00356,WO00544,V016,P036,2024-06-29,16,2488.48,171.37,2659.85
INV00357,WO00545,V007,P014,2025-03-31,16,2955.2,325.37,3280.57
INV00358,WO00546,V005,P020,2025-02-13,16,1569.76,169.7,1739.46
INV00359,WO00547,V017,P043,2024-09-28,16,2659.04,357.08,3016.12
INV00360,WO00548,V023,P030,2025-03-15,16,1634.24,6.35,1640.59
INV00361,WO00549,V007,P012,2024-10-02,16,2955.2,83.34,3038.54
INV00362,WO00550,V006,P038,2024-07-30,16,2536.48,570.13,3106.61
INV00363,WO00551,V007,P030,2025-03-06,12.09,2233.02,20.17,2253.19
INV00364,WO00554,V030,P038,2025-01-13,16,2952.64,200.37,3153.01
INV00365,WO00555,V023,P006,2024-11-14,16,1634.24,309.8,1944.04
INV00366,WO00556,V021,P032,2025-06-04,16,2586.88,102.06,2688.94
INV00367,WO00557,V005,P002,2024-07-26,16,1569.76,31.31,1601.07
INV00368,WO00558,V011,P021,2025-01-27,16,2301.92,55.39,2357.31
INV00369,WO00560,V003,P012,2025-02-19,16,2247.68,51.67,2299.35
INV00370,WO00561,V002,P038,2025-05-05,16,2453.44,4.83,2458.27
INV00371,WO00562,V022,P043,2024-06-24,16,2632.96,22.34,2655.3
INV00372,WO00564,V016,P040,2024-12-21,16,2488.48,132.41,2620.89
INV00373,WO00565,V005,P031,2024-07-23,16,1569.76,64.51,1634.27
INV00374,WO00566,V021,P022,2025-06-07,16,2586.88,67.44,2654.32
INV00375,WO00569,V011,P022,2024-06-21,16,2301.92,235.74,2537.66
INV00376,WO00570,V011,P040,2025-03-19,16,2301.92,502.43,2804.35
INV00377,WO00575,V020,P050,2024-07-15,16,2735.2,98.9,2834.1
INV00378,WO00576,V023,P009,2025-03-22,16,1634.24,214.13,1848.37
INV00379,WO00577,V008,P016,2024-07-14,16,1683.36,178.91,1862.27
INV00380,WO00578,V016,P022,2024-12-19,8.07,1255.13,67.14,1322.27
INV00381,WO00579,V011,P040,2025-01-04,16,2301.92,588.05,2889.97
INV00382,WO00581,V023,P014,2024-12-13,16,1634.24,312.95,1947.19
INV00383,WO00582,V030,P014,2024-11-15,16,2952.64,188.23,3140.87
INV00384,WO00587,V013,P049,2025-05-29,16,2420.8,509.54,2930.34
INV00385,WO00588,V008,P010,2024-08-31,16,1683.36,62.13,1745.49
INV00386,WO00589,V013,P005,2024-09-06,16,2420.8,626.33,3047.13
INV00387,WO00593,V030,P012,2024-07-04,16,2952.64,272.08,3224.72
INV00388,WO00594,V001,P029,2024-08-15,16,1619.52,404.58,2024.1
INV00389,WO00595,V023,P026,2024-08-07,16,1634.24,205.39,1839.63
INV00390,WO00596,V017,P032,2024-08-18,16,2659.04,284.08,2943.12
INV00391,WO00599,V021,P032,2024-07-20,16,2586.88,17.35,2604.23
INV00392,WO00601,V013,P012,2024-08-04,16,2420.8,34.25,2455.05
INV00393,WO00603,V013,P014,2024-12-19,16,2420.8,650.07,3070.87
INV00394,WO00604,V022,P009,2024-11-18,16,2632.96,214.64,2847.6
INV00395,WO00605,V022,P016,2025-04-12,16,2632.96,58.42,2691.38
INV00396,WO00607,V006,P032,2025-05-23,16,2536.48,261.96,2798.44
INV00397,WO00611,V001,P016,2024-08-06,16,1619.52,188.3,1807.82
INV00398,WO00612,V023,P038,2025-01-20,16,1634.24,359.49,1993.73
INV00399,WO00614,V023,P028,2024-11-01,16,1634.24,242.47,1876.71
INV00400,WO00615,V006,P049,2025-04-06,14.83,2351.0,326.95,2677.95
INV00401,WO00616,V020,P016,2024-12-11,16,2735.2,72.97,2808.17
INV00402,WO00618,V003,P004,2024-08-12,16,2247.68,181.21,2428.89
INV00403,WO00619,V011,P016,2025-03-23,16,2301.92,688.8,2990.72
INV00404,WO00620,V006,P040,2025-05-02,16,2536.48,495.56,3032.04
INV00405,WO00621,V020,P003,2025-05-14,5.32,909.45,6.32,915.77
INV00406,WO00622,V022,P014,2024-12-15,16,2632.96,40.94,2673.9
INV00407,WO00623,V007,P007,2025-02-20,16,2955.2,284.75,3239.95
INV00408,WO00625,V007,P040,2024-09-20,9.1,1680.77,276.98,1957.75
INV00409,WO00627,V022,P016,2024-12-10,16,2632.96,54.86,2687.82
INV00410,WO00629,V030,P023,2024-07-15,16,2952.64,82.78,3035.42
INV00411,WO00631,V020,P018,2024-06-18,16,2735.2,846.0,3581.2
INV00412,WO00633,V030,P031,2024-08-11,16,2952.64,28.53,2981.17
INV00413,WO00634,V003,P045,2025-02-25,16,2247.68,283.07,2530.75
INV00414,WO00635,V016,P007,2024-08-21,16,2488.48,177.05,2665.53
INV00415,WO00637,V016,P012,2025-01-12,16,2488.48,31.44,2519.92
INV00416,WO00639,V013,P022,2025-05-27,16,2420.8,92.35,2513.15
INV00417,WO00640,V008,P038,2025-04-07,16,1683.36,175.28,1858.64
INV00418,WO00641,V007,P039,2025-02-27,16,2955.2,64.82,3020.02
INV00419,WO00645,V022,P031,2024-11-06,16,2632.96,56.17,2689.13
INV00420,WO00646,V003,P002,2025-01-28,16,2247.68,372.05,2619.73
INV00421,WO00648,V021,P005,2025-01-13,16,2586.88,161.26,2748.14
INV00422,WO00649,V006,P038,2024-12-14,16,2536.48,238.48,2774.96
INV00423,WO00650,V001,P021,2025-05-26,16,1619.52,391.33,2010.85
INV00424,WO00654,V020,P012,2024-08-10,16,2735.2,354.93,3090.13
INV00425,WO00657,V018,P040,2025-02-21,16,2199.36,767.31,2966.67
INV00426,WO00658,V011,P025,2024-09-29,16,2301.92,54.58,2356.5
INV00427,WO00659,V001,P029,2024-07-26,1.73,175.11,166.5,341.61
INV00428,WO00660,V008,P012,2025-01-13,16,1683.36,225.13,1908.49
INV00429,WO00661,V006,P032,2024-08-30,16,2536.48,196.69,2733.17
INV00430,WO00662,V023,P007,2024-09-18,16,1634.24,7.91,1642.15
INV00431,WO00663,V007,P032,2025-05-14,16,2955.2,245.91,3201.11
INV00432,WO00664,V011,P035,2024-11-26,16,2301.92,228.25,2530.17
INV00433,WO00665,V021,P006,2025-01-18,16,2586.88,9.98,2596.86
INV00434,WO00666,V007,P010,2024-08-11,16,2955.2,253.8,3209.0
INV00435,WO00667,V020,P038,2024-10-25,16,2735.2,625.43,3360.63
INV00436,WO00668,V013,P044,2025-01-26,16,2420.8,343.91,2764.71
INV00437,WO00670,V016,P046,2025-04-09,16,2488.48,2.15,2490.63
INV00438,WO00671,V008,P025,2024-10-06,16,1683.36,17.95,1701.31
INV00439,WO00674,V016,P032,2025-04-04,2.0,311.06,207.68,518.74
INV00440,WO00675,V007,P007,2025-03-27,16,2955.2,193.14,3148.34
INV00441,WO00676,V021,P007,2024-06-11,2.85,460.79,165.23,626.02
INV00442,WO00677,V002,P012,2024-09-17,16,2453.44,106.89,2560.33
INV00443,WO00678,V007,P014,2025-04-27,16,2955.2,306.44,3261.64
INV00444,WO00681,V005,P029,2024-10-25,16,1569.76,115.91,1685.67
INV00445,WO00684,V030,P038,2024-08-07,16,2952.64,24.93,2977.57
INV00446,WO00685,V011,P038,2025-05-28,16,2301.92,588.61,2890.53
INV00447,WO00686,V005,P038,2025-04-29,16,1569.76,206.66,1776.42
INV00448,WO00687,V022,P029,2025-05-10,16,2632.96,47.86,2680.82
INV00449,WO00688,V028,P040,2024-08-17,16,2176.0,350.49,2526.49
INV00450,WO00689,V001,P025,2025-03-19,16,1619.52,236.87,1856.39
INV00451,WO00690,V017,P036,2024-11-26,16,2659.04,216.84,2875.88
INV00452,WO00692,V008,P012,2025-03-03,16,1683.36,346.14,2029.5
INV00453,WO00694,V001,P010,2025-04-12,16,1619.52,247.58,1867.1
INV00454,WO00697,V008,P007,2025-01-13,16,1683.36,282.88,1966.24
INV00455,WO00699,V017,P002,2024-12-05,16,2659.04,142.53,2801.57
INV00456,WO00701,V028,P014,2024-09-05,16,2176.0,1.38,2177.38
INV00457,WO00702,V016,P006,2025-03-24,12.0,1866.36,115.42,1981.78
INV00458,WO00704,V002,P027,2025-03-26,16,2453.44,105.33,2558.77
INV00459,WO00705,V021,P001,2024-08-01,16,2586.88,17.8,2604.68
INV00460,WO00706,V006,P014,2024-08-06,16,2536.48,350.56,2887.04
INV00461,WO00707,V006,P044,2024-08-13,16,2536.48,616.55,3153.03
INV00462,WO00708,V023,P043,2025-01-03,16,1634.24,289.98,1924.22
INV00463,WO00709,V020,P049,2024-11-20,16,2735.2,688.41,3423.61
INV00464,WO00711,V018,P026,2024-06-29,16,2199.36,198.79,2398.15
INV00465,WO00712,V001,P014,2025-03-06,16,1619.52,272.57,1892.09
INV00466,WO00714,V022,P040,2024-09-20,16,2632.96,35.5,2668.46
INV00467,WO00715,V022,P012,2024-08-11,16,2632.96,153.03,2785.99
INV00468,WO00716,V020,P050,2024-08-13,16,2735.2,474.53,3209.73
INV00469,WO00717,V001,P002,2024-12-25,12.7,1285.49,377.19,1662.68
INV00470,WO00721,V008,P020,2025-04-04,16,1683.36,70.45,1753.81
INV00471,WO00723,V005,P005,2024-10-15,16,1569.76,117.68,1687.44
INV00472,WO00724,V023,P014,2024-12-29,8.53,871.25,73.46,944.71
INV00473,WO00725,V003,P028,2025-01-14,12.85,1805.17,204.41,2009.58
INV00474,WO00728,V007,P046,2024-07-10,16,2955.2,247.63,3202.83
INV00475,WO00729,V028,P032,2025-01-05,16,2176.0,130.58,2306.58
INV00476,WO00732,V007,P037,2024-06-26,16,2955.2,179.95,3135.15
INV00477,WO00734,V017,P032,2024-12-08,16,2659.04,169.54,2828.58
INV00478,WO00736,V011,P035,2024-08-03,16,2301.92,419.15,2721.07
INV00479,WO00737,V020,P021,2024-10-22,16,2735.2,12.22,2747.42
INV00480,WO00739,V016,P045,2024-10-26,16,2488.48,200.94,2689.42
INV00481,WO00743,V017,P032,2025-02-25,16,2659.04,222.92,2881.96
INV00482,WO00746,V021,P049,2025-01-30,16,2586.88,74.47,2661.35
INV00483,WO00747,V028,P038,2024-06-27,16,2176.0,246.82,2422.82
INV00484,WO00748,V017,P031,2025-01-21,16,2659.04,225.55,2884.59
INV00485,WO00749,V028,P001,2024-12-16,16,2176.0,214.51,2390.51
INV00486,WO00751,V021,P014,2024-08-20,16,2586.88,134.11,2720.99
INV00487,WO00752,V028,P029,2025-01-12,16,2176.0,272.21,2448.21
INV00488,WO00753,V017,P007,2024-11-30,16,2659.04,266.37,2925.41
INV00489,WO00754,V008,P010,2024-08-08,16,1683.36,287.6,1970.96
INV00490,WO00755,V020,P023,2024-12-23,16,2735.2,472.73,3207.93
INV00491,WO00757,V006,P029,2025-01-28,16,2536.48,816.07,3352.55
INV00492,WO00761,V013,P005,2025-03-02,16,2420.8,380.83,2801.63
INV00493,WO00763,V011,P032,2024-12-30,16,2301.92,81.94,2383.86
INV00494,WO00766,V016,P027,2024-10-31,16,2488.48,76.64,2565.12
INV00495,WO00767,V006,P033,2025-05-21,16,2536.48,208.32,2744.8
INV00496,WO00769,V028,P029,2024-10-19,16,2176.0,247.83,2423.83
INV00497,WO00770,V008,P042,2025-04-17,16,1683.36,92.33,1775.69
INV00498,WO00772,V020,P014,2024-09-11,16,2735.2,148.18,2883.38
INV00499,WO00774,V016,P010,2025-03-13,16,2488.48,139.11,2627.59
INV00500,WO00776,V028,P018,2024-07-29,16,2176.0,174.02,2350.02
INV00501,WO00780,V005,P018,2024-10-19,16,1569.76,18.81,1588.57
INV00502,WO00781,V021,P029,2025-01-03,16,2586.88,195.67,2782.55
INV00503,WO00782,V017,P032,2025-02-26,12.08,2007.58,328.08,2335.66
INV00504,WO00783,V007,P025,2024-11-24,9.42,1739.87,377.49,2117.36
INV00505,WO00784,V016,P031,2024-09-22,16,2488.48,85.54,2574.02
INV00506,WO00786,V001,P009,2024-08-13,16,1619.52,27.1,1646.62
INV00507,WO00787,V030,P016,2024-10-10,16,2952.64,146.57,3099.21
INV00508,WO00789,V023,P016,2025-03-06,16,1634.24,35.55,1669.79
INV00509,WO00790,V017,P046,2024-09-01,16,2659.04,32.53,2691.57
INV00510,WO00793,V006,P010,2024-11-06,16,2536.48,754.27,3290.75
INV00511,WO00795,V007,P012,2025-02-28,16,2955.2,112.04,3067.24
INV00512,WO00799,V020,P002,2025-04-22,16,2735.2,836.85,3572.05
INV00513,WO00800,V022,P034,2025-05-13,16,2632.96,8.17,2641.13
INV00514,WO00801,V007,P021,2024-12-18,16,2955.2,287.77,3242.97
INV00515,WO00804,V022,P016,2025-01-03,16,2632.96,120.67,2753.63
INV00516,WO00805,V016,P028,2024-06-22,16,2488.48,72.54,2561.02
INV00517,WO00807,V013,P032,2024-10-27,16,2420.8,693.84,3114.64
INV00518,WO00809,V016,P012,2025-01-03,16,2488.48,214.54,2703.02
INV00519,WO00810,V002,P012,2024-12-13,16,2453.44,26.69,2480.13
INV00520,WO00811,V011,P029,2024-07-22,13.61,1958.07,682.54,2640.61
INV00521,WO00815,V018,P028,2025-01-10,3.8,522.35,384.29,906.64
INV00522,WO00816,V003,P007,2025-02-14,16,2247.68,10.64,2258.32
INV00523,WO00817,V002,P004,2024-07-07,16,2453.44,288.07,2741.51
INV00524,WO00818,V007,P032,2024-11-14,16,2955.2,247.06,3202.26
INV00525,WO00819,V013,P012,2025-04-26,16,2420.8,56.33,2477.13
INV00526,WO00820,V007,P012,2025-01-15,16,2955.2,211.79,3166.99
INV00527,WO00821,V021,P001,2025-05-25,16,2586.88,10.83,2597.71
INV00528,WO00822,V028,P021,2024-12-24,16,2176.0,199.3,2375.3
INV00529,WO00825,V002,P045,2024-11-28,16,2453.44,156.9,2610.34
INV00530,WO00826,V003,P038,2025-05-15,15.43,2167.61,270.65,2438.26
INV00531,WO00827,V022,P045,2025-02-20,16,2632.96,91.35,2724.31
INV00532,WO00829,V030,P007,2025-03-27,16,2952.64,92.6,3045.24
INV00533,WO00832,V011,P032,2025-05-18,16,2301.92,630.14,2932.06
INV00534,WO00833,V001,P028,2025-04-17,16,1619.52,174.92,1794.44
INV00535,WO00834,V018,P006,2024-08-30,16,2199.36,731.54,2930.9
INV00536,WO00835,V016,P032,2025-03-08,16,2488.48,48.71,2537.19
INV00537,WO00837,V022,P013,2025-01-27,16,2632.96,105.97,2738.93
INV00538,WO00838,V022,P032,2024-06-11,16,2632.96,115.41,2748.37
INV00539,WO00839,V011,P040,2024-09-25,16,2301.92,584.79,2886.71
INV00540,WO00840,V005,P043,2024-11-29,16,1569.76,74.62,1644.38
INV00541,WO00842,V020,P021,2025-04-08,16,2735.2,62.65,2797.85
INV00542,WO00843,V002,P032,2024-10-29,16,2453.44,352.95,2806.39
INV00543,WO00844,V011,P023,2024-06-21,16,2301.92,593.18,2895.1
INV00544,WO00845,V021,P014,2025-03-03,16,2586.88,68.65,2655.53
INV00545,WO00846,V008,P040,2025-05-05,16,1683.36,343.51,2026.87
INV00546,WO00847,V021,P021,2025-05-28,16,2586.88,136.28,2723.16
INV00547,WO00848,V011,P029,2024-12-19,16,2301.92,31.9,2333.82
INV00548,WO00849,V022,P050,2024-07-06,16,2632.96,58.74,2691.7
INV00549,WO00852,V003,P013,2024-06-17,16,2247.68,147.59,2395.27
INV00550,WO00853,V017,P032,2024-12-25,16,2659.04,208.54,2867.58
INV00551,WO00856,V021,P009,2024-12-07,16,2586.88,26.52,2613.4
INV00552,WO00860,V007,P021,2024-11-27,16,2955.2,196.47,3151.67
INV00553,WO00862,V013,P038,2025-03-27,16,2420.8,671.06,3091.86
INV00554,WO00863,V022,P050,2024-11-21,16,2632.96,120.24,2753.2
INV00555,WO00866,V001,P003,2025-03-27,14.26,1443.4,167.14,1610.54
INV00556,WO00869,V022,P047,2024-07-29,16,2632.96,0.74,2633.7
INV00557,WO00870,V002,P032,2024-08-17,8.31,1274.26,273.89,1548.15
INV00558,WO00871,V001,P025,2024-12-15,5.29,535.45,67.98,603.43
INV00559,WO00872,V016,P037,2025-02-05,16,2488.48,49.01,2537.49
INV00560,WO00873,V030,P035,2025-03-23,16,2952.64,377.28,3329.92
INV00561,WO00874,V023,P022,2025-03-05,16,1634.24,13.0,1647.24
INV00562,WO00875,V021,P037,2025-02-10,16,2586.88,56.2,2643.08
INV00563,WO00880,V023,P016,2024-09-26,16,1634.24,183.56,1817.8
INV00564,WO00881,V013,P042,2025-05-21,16,2420.8,466.58,2887.38
INV00565,WO00882,V016,P032,2024-08-23,16,2488.48,160.85,2649.33
INV00566,WO00883,V005,P029,2025-05-05,16,1569.76,188.89,1758.65
INV00567,WO00884,V002,P038,2024-12-16,16,2453.44,157.02,2610.46
INV00568,WO00886,V001,P018,2025-04-20,16,1619.52,258.18,1877.7
INV00569,WO00887,V028,P003,2024-10-22,16,2176.0,385.54,2561.54
INV00570,WO00891,V006,P012,2024-12-20,16,2536.48,421.62,2958.1
INV00571,WO00894,V020,P010,2024-09-11,16,2735.2,427.07,3162.27
INV00572,WO00895,V020,P021,2025-01-11,16,2735.2,175.63,2910.83
INV00573,WO00896,V007,P028,2024-08-28,16,2955.2,48.6,3003.8
INV00574,WO00897,V018,P007,2025-01-06,16,2199.36,141.5,2340.86
INV00575,WO00898,V021,P037,2024-10-08,16,2586.88,80.77,2667.65
INV00576,WO00899,V007,P048,2025-04-17,16,2955.2,136.41,3091.61
INV00577,WO00900,V016,P021,2025-01-15,16,2488.48,195.22,2683.7
INV00578,WO00903,V006,P038,2024-08-09,4.75,753.02,381.06,1134.08
INV00579,WO00904,V018,P018,2025-03-14,16,2199.36,403.56,2602.92
INV00580,WO00906,V013,P040,2024-06-24,16,2420.8,180.36,2601.16
INV00581,WO00907,V021,P035,2024-11-18,16,2586.88,15.67,2602.55
INV00582,WO00908,V020,P038,2024-08-05,16,2735.2,770.6,3505.8
INV00583,WO00910,V006,P031,2025-03-24,11.86,1880.17,635.98,2516.15
INV00584,WO00911,V016,P022,2024-12-24,16,2488.48,74.99,2563.47
INV00585,WO00912,V011,P003,2024-12-30,16,2301.92,755.79,3057.71
INV00586,WO00913,V001,P023,2024-08-05,16,1619.52,201.11,1820.63
INV00587,WO00914,V020,P038,2025-01-16,9.17,1567.61,531.72,2099.33
INV00588,WO00918,V008,P049,2025-04-17,3.69,388.22,107.86,496.08
INV00589,WO00920,V013,P002,2025-05-26,3.3,499.29,344.02,843.31
INV00590,WO00922,V030,P037,2024-06-11,16,2952.64,283.62,3236.26
INV00591,WO00923,V018,P016,2025-03-12,16,2199.36,703.84,2903.2
INV00592,WO00925,V022,P016,2025-04-25,16,2632.96,214.23,2847.19
INV00593,WO00926,V028,P050,2024-07-16,16,2176.0,28.07,2204.07
INV00594,WO00930,V021,P018,2024-12-26,16,2586.88,216.35,2803.23
INV00595,WO00931,V003,P005,2024-12-14,16,2247.68,170.47,2418.15
INV00596,WO00932,V006,P034,2024-10-09,16,2536.48,139.85,2676.33
INV00597,WO00933,V023,P025,2024-08-12,16,1634.24,157.3,1791.54
INV00598,WO00934,V006,P037,2025-02-08,16,2536.48,597.02,3133.5
INV00599,WO00935,V001,P026,2025-01-20,16,1619.52,35.54,1655.06
INV00600,WO00936,V023,P027,2024-07-28,16,1634.24,318.84,1953.08
INV00601,WO00937,V017,P050,2024-11-22,16,2659.04,343.09,3002.13
INV00602,WO00940,V005,P028,2024-06-20,16,1569.76,214.53,1784.29
INV00603,WO00941,V018,P032,2025-04-16,16,2199.36,282.54,2481.9
INV00604,WO00942,V002,P029,2024-08-28,16,2453.44,99.89,2553.33
INV00605,WO00943,V013,P032,2024-06-18,16,2420.8,326.83,2747.63
INV00606,WO00947,V001,P026,2025-04-01,16,1619.52,325.43,1944.95
INV00607,WO00948,V020,P029,2024-06-21,5.62,960.74,18.19,978.93
INV00608,WO00949,V005,P012,2025-03-14,16,1569.76,191.64,1761.4
INV00609,WO00950,V021,P014,2024-12-20,16,2586.88,178.83,2765.71
INV00610,WO00951,V005,P038,2024-09-30,16,1569.76,154.97,1724.73
INV00611,WO00953,V008,P022,2025-01-18,16,1683.36,223.59,1906.95
INV00612,WO00954,V022,P003,2024-06-27,16,2632.96,11.04,2644.0
INV00613,WO00955,V013,P012,2025-05-08,16,2420.8,726.7,3147.5
INV00614,WO00956,V028,P012,2025-03-23,16,2176.0,287.91,2463.91
INV00615,WO00958,V008,P032,2025-03-27,16,1683.36,287.96,1971.32
INV00616,WO00960,V020,P037,2024-12-19,16,2735.2,30.77,2765.97
INV00617,WO00963,V021,P040,2024-08-24,16,2586.88,140.67,2727.55
INV00618,WO00964,V018,P040,2024-08-25,16,2199.36,833.96,3033.32
INV00619,WO00966,V001,P012,2025-01-05,16,1619.52,221.11,1840.63
INV00620,WO00968,V022,P010,2025-04-03,16,2632.96,23.17,2656.13
INV00621,WO00969,V030,P029,2025-05-31,16,2952.64,148.33,3100.97
INV00622,WO00970,V013,P050,2024-06-20,16,2420.8,747.86,3168.66
INV00623,WO00973,V018,P045,2024-09-26,16,2199.36,520.6,2719.96
INV00624,WO00976,V028,P016,2024-12-09,16,2176.0,66.43,2242.43
INV00625,WO00977,V018,P031,2024-08-05,16,2199.36,516.23,2715.59
INV00626,WO00978,V001,P021,2024-10-16,16,1619.52,252.28,1871.8
INV00627,WO00979,V030,P040,2024-12-19,16,2952.64,111.84,3064.48
INV00628,WO00982,V005,P028,2025-03-09,16,1569.76,15.43,1585.19
INV00629,WO00983,V023,P028,2024-08-25,16,1634.24,332.25,1966.49
INV00630,WO00984,V022,P020,2024-11-19,16,2632.96,186.97,2819.93
INV00631,WO00985,V016,P048,2025-05-22,16,2488.48,182.91,2671.39
INV00632,WO00986,V005,P043,2025-02-22,16,1569.76,131.24,1701.0
INV00633,WO00987,V007,P031,2024-08-03,16,2955.2,180.68,3135.88
INV00634,WO00989,V028,P025,2024-10-03,16,2176.0,162.69,2338.69
INV00635,WO00991,V008,P018,2025-02-07,16,1683.36,287.2,1970.56
INV00636,WO00992,V018,P018,2024-09-02,16,2199.36,797.76,2997.12
INV00637,WO00993,V030,P002,2025-04-24,16,2952.64,243.44,3196.08
INV00638,WO00995,V008,P007,2024-06-21,16,1683.36,132.41,1815.77
INV00639,WO00997,V011,P038,2024-12-22,16,2301.92,828.93,3130.85
INV00640,WO01002,V013,P032,2024-12-11,16,2420.8,62.65,2483.45
INV00641,WO01004,V016,P046,2024-08-14,16,2488.48,24.02,2512.5
INV00642,WO01005,V030,P049,2024-10-22,16,2952.64,108.23,3060.87
INV00643,WO01006,V007,P040,2024-07-26,16,2955.2,184.56,3139.76
INV00644,WO01008,V016,P021,2025-04-01,16,2488.48,83.52,2572.0
INV00645,WO01010,V030,P005,2024-07-11,16,2952.64,137.28,3089.92
INV00646,WO01013,V005,P009,2025-05-19,16,1569.76,152.5,1722.26
INV00647,WO01014,V016,P025,2024-10-14,16,2488.48,28.3,2516.78
INV00648,WO01015,V006,P030,2025-03-04,11.71,1856.39,230.61,2087.0
INV00649,WO01017,V003,P016,2024-06-27,16,2247.68,201.36,2449.04
INV00650,WO01018,V016,P029,2024-11-21,16,2488.48,129.66,2618.14
INV00651,WO01020,V001,P038,2025-02-21,16,1619.52,137.94,1757.46
INV00652,WO01022,V030,P040,2025-03-09,16,2952.64,373.09,3325.73
INV00653,WO01023,V013,P038,2024-06-16,16,2420.8,25.59,2446.39
INV00654,WO01024,V028,P002,2025-02-20,16,2176.0,140.48,2316.48
INV00655,WO01025,V016,P012,2025-04-11,16,2488.48,202.97,2691.45
INV00656,WO01026,V023,P028,2025-03-28,16,1634.24,262.32,1896.56
INV00657,WO01027,V002,P037,2024-12-17,16,2453.44,342.82,2796.26
INV00658,WO01030,V005,P036,2025-03-19,9.0,882.99,203.67,1086.66
INV00659,WO01033,V022,P012,2025-04-23,16,2632.96,82.95,2715.91
INV00660,WO01034,V005,P032,2024-09-07,16,1569.76,88.81,1658.57
INV00661,WO01036,V028,P031,2024-10-29,16,2176.0,50.85,2226.85
INV00662,WO01038,V003,P042,2025-01-25,16,2247.68,162.49,2410.17
INV00663,WO01040,V023,P038,2025-01-20,16,1634.24,229.28,1863.52
INV00664,WO01042,V028,P027,2024-10-31,16,2176.0,212.61,2388.61
INV00665,WO01043,V001,P021,2024-10-24,16,1619.52,164.16,1783.68
INV00666,WO01044,V017,P031,2025-01-14,16,2659.04,218.13,2877.17
INV00667,WO01045,V020,P037,2025-04-19,16,2735.2,360.29,3095.49
INV00668,WO01046,V028,P012,2025-03-21,16,2176.0,33.06,2209.06
INV00669,WO01047,V021,P016,2025-04-16,16,2586.88,26.88,2613.76
INV00670,WO01048,V005,P010,2025-03-23,16,1569.76,71.18,1640.94
INV00671,WO01049,V013,P013,2025-01-11,16,2420.8,616.11,3036.91
INV00672,WO01051,V002,P021,2024-12-16,16,2453.44,231.76,2685.2
INV00673,WO01052,V016,P012,2025-02-11,16,2488.48,173.79,2662.27
INV00674,WO01053,V028,P032,2024-08-15,12.37,1682.32,117.11,1799.43
INV00675,WO01055,V001,P032,2024-12-14,16,1619.52,190.15,1809.67
INV00676,WO01056,V007,P016,2024-11-19,16,2955.2,103.62,3058.82
INV00677,WO01057,V006,P021,2024-06-04,16,2536.48,408.36,2944.84
INV00678,WO01058,V022,P007,2024-12-31,16,2632.96,13.4,2646.36
INV00679,WO01060,V007,P022,2024-06-11,16,2955.2,174.83,3130.03
INV00680,WO01063,V001,P043,2025-04-12,16,1619.52,230.84,1850.36
INV00681,WO01064,V023,P007,2024-12-13,16,1634.24,23.02,1657.26
INV00682,WO01066,V028,P046,2025-02-15,8.28,1126.08,37.95,1164.03
INV00683,WO01068,V018,P028,2025-04-12,16,2199.36,519.31,2718.67
INV00684,WO01069,V003,P012,2025-03-01,16,2247.68,160.37,2408.05
INV00685,WO01071,V001,P032,2024-12-27,16,1619.52,188.51,1808.03
INV00686,WO01072,V007,P022,2025-01-14,16,2955.2,212.36,3167.56
INV00687,WO01074,V016,P022,2024-10-16,16,2488.48,50.25,2538.73
INV00688,WO01077,V008,P032,2025-04-19,16,1683.36,360.86,2044.22
INV00689,WO01078,V021,P029,2025-04-03,16,2586.88,25.33,2612.21
INV00690,WO01079,V002,P021,2024-06-19,16,2453.44,212.74,2666.18
INV00691,WO01081,V022,P050,2024-08-15,16,2632.96,117.69,2750.65
INV00692,WO01082,V021,P028,2025-04-21,5.51,890.86,0.09,890.95
INV00693,WO01083,V006,P022,2025-06-01,16,2536.48,304.49,2840.97
INV00694,WO01085,V011,P038,2024-07-20,16,2301.92,489.36,2791.28
INV00695,WO01088,V020,P014,2024-07-13,16,2735.2,183.17,2918.37
INV00696,WO01089,V008,P028,2024-07-05,16,1683.36,238.61,1921.97
INV00697,WO01090,V006,P028,2024-10-03,16,2536.48,334.64,2871.12
INV00698,WO01091,V008,P021,2025-01-12,16,1683.36,318.26,2001.62
INV00699,WO01092,V028,P007,2024-09-28,16,2176.0,419.92,2595.92
INV00700,WO01093,V011,P038,2024-12-24,16,2301.92,655.83,2957.75
INV00701,WO01095,V023,P022,2025-03-11,16,1634.24,340.16,1974.4
INV00702,WO01097,V020,P014,2025-03-24,16,2735.2,78.19,2813.39
INV00703,WO01102,V003,P012,2025-05-30,16,2247.68,326.64,2574.32
INV00704,WO01107,V022,P033,2025-03-22,16,2632.96,88.72,2721.68
INV00705,WO01108,V006,P021,2025-01-04,16,2536.48,621.45,3157.93
INV00706,WO01109,V013,P044,2024-06-09,16,2420.8,723.22,3144.02
INV00707,WO01110,V006,P031,2024-06-14,7.11,1127.15,343.19,1470.34
INV00708,WO01111,V005,P018,2024-09-28,16,1569.76,49.82,1619.58
INV00709,WO01112,V011,P029,2025-05-06,16,2301.92,176.49,2478.41
INV00710,WO01113,V002,P049,2025-03-15,16,2453.44,91.88,2545.32
INV00711,WO01114,V008,P012,2025-02-18,16,1683.36,54.12,1737.48
INV00712,WO01115,V003,P032,2025-02-03,16,2247.68,54.53,2302.21
INV00713,WO01116,V028,P037,2024-11-27,16,2176.0,258.29,2434.29
INV00714,WO01117,V018,P012,2024-08-20,10.31,1417.21,23.14,1440.35
INV00715,WO01119,V011,P038,2024-06-02,14.76,2123.52,337.03,2460.55
INV00716,WO01120,V002,P047,2024-08-19,16,2453.44,105.19,2558.63
INV00717,WO01121,V028,P031,2025-05-05,16,2176.0,12.73,2188.73
INV00718,WO01122,V001,P040,2025-03-24,7.52,761.17,165.54,926.71
INV00719,WO01123,V006,P022,2024-06-24,16,2536.48,812.14,3348.62
INV00720,WO01126,V006,P032,2025-01-01,16,2536.48,218.2,2754.68
INV00721,WO01127,V023,P028,2025-01-18,16,1634.24,141.32,1775.56
INV00722,WO01129,V028,P014,2025-02-02,16,2176.0,45.75,2221.75
INV00723,WO01130,V011,P045,2024-08-04,16,2301.92,144.83,2446.75
INV00724,WO01131,V007,P023,2024-08-17,2.78,513.47,247.82,761.29
INV00725,WO01133,V002,P018,2025-02-11,16,2453.44,266.24,2719.68
INV00726,WO01134,V013,P050,2025-03-29,16,2420.8,523.38,2944.18
INV00727,WO01138,V005,P040,2024-08-12,16,1569.76,201.94,1771.7
INV00728,WO01141,V022,P007,2024-08-06,16,2632.96,2.01,2634.97
INV00729,WO01142,V018,P012,2025-05-10,16,2199.36,572.99,2772.35
INV00730,WO01146,V017,P022,2025-02-14,16,2659.04,7.89,2666.93
INV00731,WO01147,V022,P040,2025-05-26,16,2632.96,84.77,2717.73
INV00732,WO01148,V030,P040,2024-09-21,16,2952.64,240.53,3193.17
INV00733,WO01150,V017,P019,2024-07-16,16,2659.04,179.05,2838.09
INV00734,WO01151,V017,P043,2024-11-08,16,2659.04,16.56,2675.6
INV00735,WO01153,V021,P028,2024-06-11,16,2586.88,132.24,2719.12
INV00736,WO01154,V013,P029,2024-10-21,16,2420.8,159.92,2580.72
INV00737,WO01155,V008,P047,2024-08-29,16,1683.36,120.13,1803.49
INV00738,WO01157,V005,P012,2024-06-19,16,1569.76,3.21,1572.97
INV00739,WO01159,V021,P007,2024-11-12,15.99,2585.26,209.64,2794.9
INV00740,WO01160,V018,P050,2024-10-20,16,2199.36,541.67,2741.03
INV00741,WO01161,V028,P038,2025-05-06,16,2176.0,289.59,2465.59
INV00742,WO01162,V030,P002,2025-01-27,16,2952.64,55.25,3007.89
INV00743,WO01164,V028,P036,2024-08-31,16,2176.0,175.24,2351.24
INV00744,WO01165,V003,P007,2025-05-11,16,2247.68,273.69,2521.37
INV00745,WO01170,V018,P011,2025-04-09,16,2199.36,381.71,2581.07
INV00746,WO01171,V011,P032,2024-12-08,16,2301.92,811.62,3113.54
INV00747,WO01173,V011,P018,2025-05-21,10.72,1542.29,722.52,2264.81
INV00748,WO01176,V011,P007,2025-02-18,16,2301.92,192.27,2494.19
INV00749,WO01177,V028,P018,2024-12-22,16,2176.0,183.07,2359.07
INV00750,WO01178,V018,P012,2025-05-17,16,2199.36,264.11,2463.47
INV00751,WO01181,V011,P023,2025-04-19,16,2301.92,79.63,2381.55
INV00752,WO01182,V018,P021,2024-09-10,16,2199.36,677.05,2876.41
INV00753,WO01183,V022,P001,2024-09-20,16,2632.96,211.89,2844.85
INV00754,WO01185,V021,P043,2025-02-06,15.58,2518.97,191.14,2710.11
INV00755,WO01187,V022,P037,2024-10-27,16,2632.96,207.82,2840.78
INV00756,WO01189,V008,P048,2024-12-12,16,1683.36,319.67,2003.03
INV00757,WO01190,V028,P049,2024-11-21,16,2176.0,323.96,2499.96
INV00758,WO01191,V023,P007,2025-04-05,16,1634.24,174.06,1808.3
INV00759,WO01192,V011,P012,2024-06-10,1.96,281.99,181.73,463.72
INV00760,WO01193,V001,P037,2024-07-21,9.3,941.35,26.46,967.81
INV00761,WO01195,V022,P029,2025-02-01,16,2632.96,193.2,2826.16
INV00762,WO01196,V005,P028,2024-08-10,16,1569.76,54.06,1623.82
INV00763,WO01197,V030,P012,2025-04-23,16,2952.64,155.02,3107.66
INV00764,WO01198,V006,P009,2025-06-05,16,2536.48,180.16,2716.64
INV00765,WO01199,V028,P038,2024-09-14,16,2176.0,179.77,2355.77
INV00766,WO01202,V002,P003,2024-10-31,16,2453.44,341.05,2794.49
INV00767,WO01203,V018,P045,2024-11-11,16,2199.36,635.6,2834.96
INV00768,WO01204,V016,P015,2024-11-08,16,2488.48,145.0,2633.48
INV00769,WO01205,V007,P027,2024-11-20,16,2955.2,289.12,3244.32
INV00770,WO01206,V008,P009,2025-04-04,16,1683.36,280.22,1963.58
INV00771,WO01207,V021,P005,2024-07-20,16,2586.88,148.59,2735.47
INV00772,WO01212,V002,P009,2024-10-09,16,2453.44,115.03,2568.47
INV00773,WO01213,V007,P040,2025-04-06,16,2955.2,331.62,3286.82
INV00774,WO01214,V008,P018,2025-03-26,16,1683.36,286.4,1969.76
INV00775,WO01217,V011,P018,2025-01-16,15.54,2235.74,599.56,2835.3
INV00776,WO01218,V022,P025,2025-03-03,16,2632.96,132.36,2765.32
INV00777,WO01219,V008,P040,2024-06-23,16,1683.36,258.27,1941.63
INV00778,WO01220,V005,P050,2024-08-31,16,1569.76,216.06,1785.82
INV00779,WO01221,V003,P016,2024-07-28,16,2247.68,342.43,2590.11
INV00780,WO01222,V016,P020,2025-03-05,16,2488.48,39.64,2528.12
INV00781,WO01223,V002,P003,2025-03-22,16,2453.44,366.32,2819.76
INV00782,WO01227,V006,P042,2024-10-16,16,2536.48,704.99,3241.47
INV00783,WO01228,V030,P021,2025-01-02,16,2952.64,328.13,3280.77
INV00784,WO01229,V028,P028,2025-05-31,13.57,1845.52,271.54,2117.06
INV00785,WO01230,V030,P032,2024-08-26,16,2952.64,376.1,3328.74
INV00786,WO01232,V020,P001,2024-06-26,11.92,2037.72,644.82,2682.54
INV00787,WO01234,V011,P014,2024-09-29,16,2301.92,849.25,3151.17
INV00788,WO01236,V018,P043,2024-07-08,16,2199.36,604.86,2804.22
INV00789,WO01237,V021,P032,2025-01-13,16,2586.88,186.3,2773.18
INV00790,WO01238,V002,P007,2024-10-23,16,2453.44,290.59,2744.03
INV00791,WO01239,V011,P032,2024-10-25,16,2301.92,393.72,2695.64
INV00792,WO01240,V018,P022,2024-06-26,16,2199.36,74.98,2274.34
INV00793,WO01241,V001,P049,2025-05-07,16,1619.52,133.26,1752.78
INV00794,WO01242,V030,P040,2024-10-12,9.67,1784.5,333.24,2117.74
INV00795,WO01243,V001,P007,2024-11-23,16,1619.52,58.19,1677.71
INV00796,WO01245,V005,P014,2024-11-25,16,1569.76,166.81,1736.57
INV00797,WO01248,V011,P034,2025-03-31,16,2301.92,267.98,2569.9
INV00798,WO01249,V006,P018,2025-03-03,16,2536.48,605.55,3142.03
INV00799,WO01250,V002,P035,2024-07-16,16,2453.44,22.59,2476.03
INV00800,WO01251,V017,P040,2025-05-04,16,2659.04,277.99,2937.03
INV00801,WO01253,V018,P031,2024-10-11,16,2199.36,92.35,2291.71
INV00802,WO01254,V018,P029,2024-08-13,5.77,793.14,664.92,1458.06
INV00803,WO01257,V016,P029,2024-06-13,16,2488.48,130.21,2618.69
INV00804,WO01258,V008,P038,2025-05-20,16,1683.36,167.06,1850.42
INV00805,WO01259,V016,P018,2024-12-28,16,2488.48,173.95,2662.43
INV00806,WO01261,V018,P002,2024-06-10,11.71,1609.66,268.25,1877.91
INV00807,WO01262,V003,P029,2025-05-04,16,2247.68,129.94,2377.62
INV00808,WO01264,V030,P044,2024-12-29,16,2952.64,226.45,3179.09
INV00809,WO01268,V002,P025,2025-05-31,16,2453.44,338.97,2792.41
INV00810,WO01269,V006,P007,2024-12-10,16,2536.48,464.99,3001.47
INV00811,WO01270,V030,P010,2025-01-07,16,2952.64,96.59,3049.23
INV00812,WO01271,V001,P047,2024-11-18,16,1619.52,245.47,1864.99
INV00813,WO01272,V030,P014,2024-07-05,16,2952.64,346.19,3298.83
INV00814,WO01274,V016,P012,2025-04-10,16,2488.48,23.64,2512.12
INV00815,WO01277,V002,P032,2024-10-30,16,2453.44,351.45,2804.89
INV00816,WO01278,V021,P049,2025-04-13,16,2586.88,123.24,2710.12
INV00817,WO01279,V001,P043,2024-08-03,16,1619.52,369.82,1989.34
INV00818,WO01283,V013,P031,2025-03-10,10.53,1593.19,160.61,1753.8
INV00819,WO01284,V020,P037,2024-09-14,16,2735.2,32.25,2767.45
INV00820,WO01285,V023,P002,2024-08-30,16,1634.24,266.29,1900.53
INV00821,WO01287,V005,P012,2024-09-25,16,1569.76,46.02,1615.78
INV00822,WO01288,V002,P012,2024-12-30,16,2453.44,236.65,2690.09
INV00823,WO01289,V016,P009,2024-06-05,16,2488.48,31.28,2519.76
INV00824,WO01291,V006,P029,2025-03-03,16,2536.48,579.15,3115.63
INV00825,WO01294,V028,P009,2025-01-02,16,2176.0,154.43,2330.43
INV00826,WO01295,V017,P030,2025-03-06,16,2659.04,389.95,3048.99
INV00827,WO01296,V022,P011,2025-05-28,16,2632.96,180.17,2813.13
INV00828,WO01297,V021,P007,2025-03-31,16,2586.88,66.34,2653.22
INV00829,WO01298,V020,P049,2024-08-28,16,2735.2,326.88,3062.08
INV00830,WO01300,V017,P007,2025-04-19,16,2659.04,388.13,3047.17
INV00831,WO01301,V022,P007,2025-03-22,16,2632.96,48.32,2681.28
INV00832,WO01302,V005,P007,2025-03-22,16,1569.76,50.48,1620.24
INV00833,WO01303,V013,P045,2024-08-11,16,2420.8,493.38,2914.18
INV00834,WO01304,V005,P016,2024-12-29,16,1569.76,15.76,1585.52
INV00835,WO01305,V007,P028,2024-11-03,16,2955.2,133.42,3088.62
INV00836,WO01307,V005,P045,2024-12-25,16,1569.76,111.01,1680.77
INV00837,WO01308,V006,P021,2025-02-25,16,2536.48,378.18,2914.66
INV00838,WO01309,V020,P021,2025-02-19,16,2735.2,782.96,3518.16
INV00839,WO01310,V011,P022,2024-07-31,16,2301.92,449.95,2751.87
INV00840,WO01311,V006,P007,2024-06-14,16,2536.48,577.03,3113.51
INV00841,WO01312,V008,P045,2024-08-01,16,1683.36,183.27,1866.63
INV00842,WO01313,V013,P036,2024-12-16,2.66,402.46,705.81,1108.27
INV00843,WO01314,V020,P012,2025-01-23,16,2735.2,378.84,3114.04
INV00844,WO01315,V005,P021,2025-03-08,16,1569.76,150.07,1719.83
INV00845,WO01319,V030,P003,2024-08-19,16,2952.64,228.95,3181.59
INV00846,WO01320,V005,P009,2024-09-05,16,1569.76,79.5,1649.26
INV00847,WO01321,V018,P003,2025-01-13,14.55,2000.04,728.63,2728.67
INV00848,WO01326,V011,P005,2025-02-06,16,2301.92,248.55,2550.47
INV00849,WO01327,V016,P010,2025-03-09,16,2488.48,139.71,2628.19
INV00850,WO01328,V008,P040,2025-03-15,16,1683.36,316.38,1999.74
INV00851,WO01329,V008,P032,2024-12-29,16,1683.36,129.76,1813.12
INV00852,WO01330,V002,P030,2024-11-26,16,2453.44,254.34,2707.78
INV00853,WO01332,V008,P012,2024-11-09,16,1683.36,143.33,1826.69
INV00854,WO01333,V016,P038,2025-01-24,16,2488.48,197.11,2685.59
INV00855,WO01334,V007,P029,2024-09-23,16,2955.2,170.05,3125.25
INV00856,WO01337,V011,P040,2024-09-13,16,2301.92,686.15,2988.07
INV00857,WO01338,V002,P036,2025-05-28,16,2453.44,135.54,2588.98
INV00858,WO01339,V002,P038,2024-11-20,16,2453.44,124.72,2578.16
INV00859,WO01340,V023,P018,2024-11-06,16,1634.24,231.91,1866.15
INV00860,WO01341,V005,P043,2025-04-06,16,1569.76,29.07,1598.83
INV00861,WO01342,V018,P014,2025-04-08,16,2199.36,753.16,2952.52
INV00862,WO01343,V005,P014,2025-04-12,16,1569.76,27.91,1597.67
INV00863,WO01344,V001,P014,2024-11-24,16,1619.52,333.12,1952.64
INV00864,WO01345,V020,P005,2024-09-09,16,2735.2,39.95,2775.15
INV00865,WO01347,V030,P014,2024-11-08,16,2952.64,109.26,3061.9
INV00866,WO01348,V008,P012,2025-02-14,16,1683.36,240.46,1923.82
INV00867,WO01349,V018,P037,2024-07-06,16,2199.36,781.66,2981.02
INV00868,WO01350,V016,P021,2024-08-17,16,2488.48,219.03,2707.51
INV00869,WO01351,V021,P031,2025-04-05,16,2586.88,36.9,2623.78
INV00870,WO01352,V007,P020,2025-01-22,16,2955.2,239.07,3194.27
INV00871,WO01355,V013,P049,2024-07-21,16,2420.8,761.69,3182.49
INV00872,WO01357,V020,P010,2024-07-06,16,2735.2,579.76,3314.96
INV00873,WO01358,V021,P012,2024-12-25,16,2586.88,22.27,2609.15
INV00874,WO01359,V023,P021,2025-05-19,16,1634.24,381.75,2015.99
INV00875,WO01361,V013,P028,2024-08-27,16,2420.8,636.65,3057.45
INV00876,WO01363,V003,P031,2024-11-01,16,2247.68,28.38,2276.06
INV00877,WO01365,V020,P015,2024-07-19,16,2735.2,166.48,2901.68
INV00878,WO01367,V008,P048,2024-07-24,16,1683.36,345.72,2029.08
INV00879,WO01369,V018,P005,2024-07-27,16,2199.36,824.84,3024.2
INV00880,WO01370,V001,P040,2025-02-01,16,1619.52,165.81,1785.33
INV00881,WO01371,V011,P014,2025-01-01,16,2301.92,214.77,2516.69
INV00882,WO01372,V018,P032,2024-10-19,16,2199.36,368.52,2567.88
INV00883,WO01373,V017,P022,2024-12-03,16,2659.04,326.18,2985.22
INV00884,WO01375,V003,P049,2024-10-16,16,2247.68,278.16,2525.84
INV00885,WO01376,V013,P029,2024-10-24,16,2420.8,56.34,2477.14
INV00886,WO01377,V001,P040,2024-11-15,16,1619.52,291.64,1911.16
INV00887,WO01380,V008,P040,2024-08-14,16,1683.36,69.52,1752.88
INV00888,WO01381,V022,P037,2024-10-16,11.13,1831.55,80.67,1912.22
INV00889,WO01382,V003,P009,2024-06-29,16,2247.68,297.04,2544.72
INV00890,WO01385,V008,P016,2024-06-11,16,1683.36,40.43,1723.79
INV00891,WO01387,V011,P005,2025-05-12,16,2301.92,760.79,3062.71
INV00892,WO01388,V017,P021,2025-01-21,16,2659.04,4.8,2663.84
INV00893,WO01391,V003,P003,2024-11-07,6.95,976.34,309.33,1285.67
INV00894,WO01392,V030,P049,2025-03-17,16,2952.64,329.0,3281.64
INV00895,WO01395,V023,P018,2024-09-13,16,1634.24,38.04,1672.28
INV00896,WO01396,V016,P050,2025-03-09,16,2488.48,125.12,2613.6
INV00897,WO01399,V023,P028,2024-11-08,1.18,120.53,352.43,472.96
INV00898,WO01400,V020,P038,2024-06-21,16,2735.2,59.05,2794.25
INV00899,WO01401,V003,P029,2024-08-28,16,2247.68,368.04,2615.72
INV00900,WO01402,V016,P040,2024-07-15,16,2488.48,58.91,2547.39
INV00901,WO01403,V023,P003,2025-05-31,5.71,583.22,230.93,814.15
INV00902,WO01408,V006,P040,2024-08-16,16,2536.48,252.25,2788.73
INV00903,WO01409,V007,P012,2024-09-08,16,2955.2,252.11,3207.31
INV00904,WO01410,V018,P028,2024-07-28,16,2199.36,417.12,2616.48
INV00905,WO01411,V003,P024,2025-03-23,16,2247.68,357.55,2605.23
INV00906,WO01412,V007,P020,2024-12-09,16,2955.2,317.97,3273.17
INV00907,WO01414,V020,P049,2025-06-12,16,2735.2,238.66,2973.86
INV00908,WO01415,V022,P028,2025-05-13,11.46,1885.86,83.77,1969.63
INV00909,WO01416,V028,P028,2024-11-18,16,2176.0,25.75,2201.75
INV00910,WO01417,V018,P040,2025-03-24,16,2199.36,547.31,2746.67
INV00911,WO01419,V011,P007,2024-09-16,16,2301.92,385.16,2687.08
INV00912,WO01421,V005,P040,2025-06-04,16,1569.76,136.08,1705.84
INV00913,WO01422,V006,P040,2024-06-17,16,2536.48,103.91,2640.39
INV00914,WO01425,V023,P032,2024-07-17,2.71,276.8,25.18,301.98
INV00915,WO01426,V003,P018,2024-12-15,6.81,956.67,255.39,1212.06
INV00916,WO01427,V020,P012,2025-03-28,16,2735.2,218.63,2953.83
INV00917,WO01428,V021,P009,2024-06-14,16,2586.88,207.68,2794.56
INV00918,WO01429,V023,P040,2025-01-25,16,1634.24,19.52,1653.76
INV00919,WO01430,V003,P018,2025-02-20,5.88,826.02,39.91,865.93
INV00920,WO01431,V028,P012,2025-02-04,16,2176.0,144.84,2320.84
INV00921,WO01432,V017,P040,2025-05-05,16,2659.04,195.28,2854.32
INV00922,WO01433,V013,P029,2024-08-25,16,2420.8,364.28,2785.08
INV00923,WO01435,V021,P038,2025-04-07,16,2586.88,138.55,2725.43
INV00924,WO01437,V006,P031,2024-08-15,16,2536.48,309.96,2846.44
INV00925,WO01438,V013,P022,2025-02-04,16,2420.8,753.44,3174.24
INV00926,WO01439,V001,P006,2024-06-20,16,1619.52,94.47,1713.99
INV00927,WO01440,V007,P015,2024-10-05,16,2955.2,330.86,3286.06
INV00928,WO01441,V002,P002,2025-01-20,10.53,1614.67,223.85,1838.52
INV00929,WO01442,V028,P014,2025-03-22,16,2176.0,117.39,2293.39
INV00930,WO01443,V022,P003,2024-12-02,16,2632.96,132.7,2765.66
INV00931,WO01444,V001,P025,2024-06-29,3.87,391.72,408.58,800.3
INV00932,WO01446,V006,P021,2025-04-19,16,2536.48,646.81,3183.29
INV00933,WO01449,V008,P032,2025-01-10,16,1683.36,221.91,1905.27
INV00934,WO01452,V005,P018,2024-08-30,16,1569.76,163.3,1733.06
INV00935,WO01453,V020,P040,2025-01-09,16,2735.2,449.87,3185.07
INV00936,WO01454,V016,P007,2025-05-30,16,2488.48,187.68,2676.16
INV00937,WO01456,V005,P043,2024-11-04,16,1569.76,47.79,1617.55
INV00938,WO01457,V006,P014,2024-06-14,16,2536.48,3.79,2540.27
INV00939,WO01458,V008,P009,2024-08-19,16,1683.36,81.32,1764.68
INV00940,WO01461,V008,P045,2024-12-25,16,1683.36,80.57,1763.93
INV00941,WO01463,V003,P031,2025-05-14,16,2247.68,343.49,2591.17
INV00942,WO01464,V030,P042,2024-07-11,16,2952.64,299.26,3251.9
INV00943,WO01465,V001,P045,2024-12-04,16,1619.52,0.9,1620.42
INV00944,WO01466,V013,P025,2024-11-10,16,2420.8,810.02,3230.82
INV00945,WO01468,V022,P012,2024-08-13,8.68,1428.38,74.26,1502.64
INV00946,WO01470,V023,P028,2024-06-09,16,1634.24,84.97,1719.21
INV00947,WO01471,V028,P004,2024-07-25,16,2176.0,258.75,2434.75
INV00948,WO01473,V008,P022,2025-02-19,16,1683.36,300.16,1983.52
INV00949,WO01476,V016,P043,2025-03-02,16,2488.48,93.37,2581.85
INV00950,WO01481,V013,P032,2024-07-25,3.22,487.19,290.27,777.46
INV00951,WO01482,V028,P018,2024-12-07,16,2176.0,358.58,2534.58
INV00952,WO01485,V022,P007,2024-12-05,16,2632.96,216.97,2849.93
INV00953,WO01486,V005,P037,2024-07-05,6.02,590.62,42.34,632.96
INV00954,WO01487,V002,P018,2024-07-19,16,2453.44,192.64,2646.08
INV00955,WO01488,V005,P016,2024-07-22,16,1569.76,176.33,1746.09
INV00956,WO01489,V011,P037,2024-10-15,16,2301.92,330.05,2631.97
INV00957,WO01490,V017,P002,2024-08-17,16,2659.04,104.24,2763.28
INV00958,WO01493,V003,P032,2024-12-21,16,2247.68,322.0,2569.68
INV00959,WO01494,V002,P044,2024-06-03,8.09,1240.52,359.48,1600.0
INV00960,WO01495,V030,P005,2025-02-26,16,2952.64,210.29,3162.93
INV00961,WO01497,V017,P003,2024-07-31,16,2659.04,341.75,3000.79
INV00962,WO01499,V022,P045,2024-08-21,16,2632.96,2.86,2635.82
INV00963,WO01500,V002,P022,2025-02-02,16,2453.44,195.9,2649.34
INV00964,WO01502,V007,P050,2025-02-19,16,2955.2,263.96,3219.16
INV00965,WO01503,V022,P050,2024-06-14,16,2632.96,169.79,2802.75
INV00966,WO01504,V023,P032,2025-06-13,16,1634.24,127.09,1761.33
INV00967,WO01506,V021,P012,2024-06-26,16,2586.88,50.97,2637.85
INV00968,WO01507,V003,P029,2024-08-23,16,2247.68,133.79,2381.47
INV00969,WO01508,V008,P005,2025-02-02,16,1683.36,176.48,1859.84
INV00970,WO01509,V006,P016,2025-01-31,13.72,2175.03,78.84,2253.87
INV00971,WO01510,V002,P018,2025-04-04,16,2453.44,40.67,2494.11
INV00972,WO01511,V007,P030,2024-06-22,16,2955.2,40.17,2995.37
INV00973,WO01512,V013,P046,2025-04-08,16,2420.8,764.99,3185.79
INV00974,WO01513,V023,P002,2024-12-31,16,1634.24,357.43,1991.67
INV00975,WO01515,V003,P040,2024-08-17,16,2247.68,419.68,2667.36
INV00976,WO01517,V018,P001,2024-07-26,16,2199.36,828.05,3027.41
INV00977,WO01518,V007,P016,2024-08-05,16,2955.2,48.9,3004.1
INV00978,WO01519,V030,P001,2024-07-31,16,2952.64,354.2,3306.84
INV00979,WO01521,V006,P029,2025-03-22,16,2536.48,703.9,3240.38
INV00980,WO01522,V002,P040,2024-07-12,16,2453.44,27.62,2481.06
INV00981,WO01523,V023,P027,2024-09-29,16,1634.24,2.76,1637.0
INV00982,WO01524,V013,P020,2025-05-26,16,2420.8,348.84,2769.64
INV00983,WO01525,V018,P012,2024-09-06,16,2199.36,232.98,2432.34
INV00984,WO01526,V018,P049,2024-09-01,16,2199.36,706.75,2906.11
INV00985,WO01530,V017,P029,2024-09-25,16,2659.04,198.52,2857.56
INV00986,WO01531,V016,P038,2025-01-19,6.46,1004.72,192.47,1197.19
INV00987,WO01533,V002,P036,2025-03-07,5.66,867.9,162.54,1030.44
INV00988,WO01534,V005,P025,2024-09-09,16,1569.76,42.11,1611.87
INV00989,WO01539,V008,P009,2025-04-18,16,1683.36,371.26,2054.62
INV00990,WO01540,V008,P025,2024-10-07,16,1683.36,120.65,1804.01
INV00991,WO01541,V011,P030,2024-09-12,16,2301.92,322.86,2624.78
INV00992,WO01543,V020,P041,2024-10-18,16,2735.2,484.2,3219.4
INV00993,WO01544,V016,P001,2024-11-24,16,2488.48,157.84,2646.32
INV00994,WO01546,V021,P025,2024-07-09,16,2586.88,48.64,2635.52
INV00995,WO01547,V003,P031,2025-04-19,16,2247.68,157.05,2404.73
INV00996,WO01548,V022,P029,2025-02-07,16,2632.96,198.11,2831.07
INV00997,WO01550,V016,P026,2025-04-15,10.25,1594.18,159.53,1753.71
INV00998,WO01552,V017,P020,2024-12-01,16,2659.04,273.34,2932.38
INV00999,WO01555,V011,P029,2024-12-12,16,2301.92,628.66,2930.58
INV01000,WO01557,V023,P002,2024-11-09,16,1634.24,111.32,1745.56
INV01001,WO01558,V016,P026,2024-09-19,16,2488.48,194.01,2682.49
INV01002,WO01559,V021,P002,2024-07-05,16,2586.88,142.23,2729.11
INV01003,WO01560,V021,P029,2025-04-25,16,2586.88,96.78,2683.66
INV01004,WO01561,V018,P012,2025-06-11,16,2199.36,65.17,2264.53
INV01005,WO01563,V013,P025,2024-11-13,16,2420.8,652.49,3073.29
INV01006,WO01564,V008,P037,2025-03-13,16,1683.36,359.47,2042.83
INV01007,WO01565,V017,P036,2024-09-04,16,2659.04,265.09,2924.13
INV01008,WO01568,V011,P034,2025-06-01,16,2301.92,190.06,2491.98
INV01009,WO01569,V005,P016,2024-10-14,12.16,1193.02,107.29,1300.31
INV01010,WO01572,V030,P018,2024-08-19,16,2952.64,127.98,3080.62
INV01011,WO01576,V021,P038,2025-06-15,16,2586.88,16.57,2603.45
INV01012,WO01578,V016,P049,2025-05-21,16,2488.48,140.5,2628.98
INV01013,WO01579,V022,P012,2024-10-14,16,2632.96,214.87,2847.83
INV01014,WO01580,V013,P040,2024-12-16,16,2420.8,582.02,3002.82
INV01015,WO01581,V018,P003,2025-03-01,16,2199.36,195.59,2394.95
INV01016,WO01582,V001,P021,2025-04-10,16,1619.52,324.9,1944.42
INV01017,WO01583,V030,P012,2024-11-27,16,2952.64,47.77,3000.41
INV01018,WO01584,V003,P002,2025-03-26,16,2247.68,287.02,2534.7
INV01019,WO01587,V021,P029,2024-09-02,16,2586.88,213.91,2800.79
INV01020,WO01588,V018,P021,2025-03-17,16,2199.36,14.71,2214.07
INV01021,WO01589,V006,P031,2024-07-06,16,2536.48,624.84,3161.32
INV01022,WO01590,V007,P029,2025-02-06,16,2955.2,121.95,3077.15
INV01023,WO01594,V013,P024,2024-07-21,16,2420.8,347.34,2768.14
INV01024,WO01595,V016,P029,2024-08-11,16,2488.48,182.23,2670.71
INV01025,WO01598,V028,P049,2024-06-22,8.09,1100.24,11.22,1111.46
INV01026,WO01601,V018,P018,2025-05-07,1.95,268.05,454.87,722.92
INV01027,WO01603,V022,P013,2025-04-29,16,2632.96,18.45,2651.41
INV01028,WO01604,V005,P032,2025-05-22,16,1569.76,57.87,1627.63
INV01029,WO01605,V022,P040,2024-11-22,16,2632.96,179.45,2812.41
INV01030,WO01608,V005,P029,2025-01-09,16,1569.76,54.93,1624.69
INV01031,WO01609,V005,P010,2024-12-25,16,1569.76,13.47,1583.23
INV01032,WO01610,V020,P046,2025-03-04,16,2735.2,443.96,3179.16
INV01033,WO01611,V011,P007,2025-06-05,16,2301.92,534.65,2836.57
INV01034,WO01612,V013,P032,2025-03-10,16,2420.8,782.94,3203.74
INV01035,WO01613,V007,P012,2024-06-19,16,2955.2,55.09,3010.29
INV01036,WO01615,V023,P013,2025-04-11,16,1634.24,109.45,1743.69
INV01037,WO01617,V008,P032,2024-10-17,16,1683.36,176.23,1859.59
INV01038,WO01618,V018,P033,2025-02-09,16,2199.36,680.63,2879.99
INV01039,WO01619,V017,P032,2025-05-14,16,2659.04,121.9,2780.94
INV01040,WO01620,V028,P046,2025-03-28,16,2176.0,170.97,2346.97
INV01041,WO01621,V007,P046,2024-07-29,1.8,332.46,49.58,382.04
INV01042,WO01622,V002,P028,2024-06-17,8.9,1364.73,53.22,1417.95
INV01043,WO01623,V028,P010,2024-09-03,16,2176.0,306.33,2482.33
INV01044,WO01624,V030,P007,2024-07-05,16,2952.64,9.19,2961.83
INV01045,WO01626,V022,P028,2025-05-25,16,2632.96,140.45,2773.41
INV01046,WO01627,V028,P012,2024-08-09,16,2176.0,140.95,2316.95
INV01047,WO01629,V020,P010,2024-11-01,16,2735.2,143.47,2878.67
INV01048,WO01632,V002,P049,2024-12-27,14.77,2264.83,15.4,2280.23
INV01049,WO01633,V013,P002,2024-06-20,16,2420.8,225.09,2645.89
INV01050,WO01634,V022,P015,2024-10-12,16,2632.96,83.08,2716.04
INV01051,WO01636,V030,P026,2024-10-17,16,2952.64,344.2,3296.84
INV01052,WO01638,V030,P040,2024-08-27,16,2952.64,327.39,3280.03
INV01053,WO01642,V021,P038,2024-08-17,16,2586.88,114.67,2701.55
INV01054,WO01643,V022,P003,2025-04-15,8.74,1438.25,169.08,1607.33
INV01055,WO01644,V017,P043,2025-04-05,16,2659.04,382.85,3041.89
INV01056,WO01645,V020,P003,2024-10-10,16,2735.2,342.06,3077.26
INV01057,WO01646,V016,P012,2025-02-07,16,2488.48,56.34,2544.82
INV01058,WO01648,V007,P007,2024-11-30,16,2955.2,168.08,3123.28
INV01059,WO01653,V022,P043,2025-01-30,16,2632.96,55.51,2688.47
INV01060,WO01654,V002,P016,2025-05-17,16,2453.44,177.69,2631.13
INV01061,WO01656,V022,P007,2025-04-30,16,2632.96,40.06,2673.02
INV01062,WO01657,V001,P021,2025-03-10,16,1619.52,127.41,1746.93
INV01063,WO01658,V030,P046,2025-04-14,16,2952.64,152.42,3105.06
INV01064,WO01661,V001,P012,2024-11-15,16,1619.52,394.83,2014.35
INV01065,WO01663,V020,P002,2024-07-02,16,2735.2,503.81,3239.01
INV01066,WO01664,V017,P021,2024-09-19,16,2659.04,155.7,2814.74
INV01067,WO01665,V020,P012,2024-11-02,16,2735.2,210.41,2945.61
INV01068,WO01666,V023,P019,2025-02-04,16,1634.24,60.3,1694.54
INV01069,WO01668,V008,P028,2025-01-28,1.62,170.44,124.53,294.97
INV01070,WO01669,V021,P021,2025-03-09,16,2586.88,6.42,2593.3
INV01071,WO01671,V023,P032,2024-07-28,16,1634.24,137.38,1771.62
INV01072,WO01672,V030,P040,2024-10-14,16,2952.64,134.69,3087.33
INV01073,WO01675,V020,P021,2024-08-19,16,2735.2,220.84,2956.04
INV01074,WO01676,V020,P020,2024-06-28,16,2735.2,447.56,3182.76
INV01075,WO01678,V022,P029,2024-07-22,16,2632.96,91.52,2724.48
INV01076,WO01679,V011,P037,2025-01-10,16,2301.92,390.68,2692.6
INV01077,WO01680,V022,P016,2025-02-18,16,2632.96,49.69,2682.65
INV01078,WO01681,V001,P005,2025-02-10,16,1619.52,49.96,1669.48
INV01079,WO01682,V017,P045,2025-05-30,16,2659.04,19.51,2678.55
INV01080,WO01684,V030,P014,2024-06-29,16,2952.64,89.25,3041.89
INV01081,WO01687,V005,P038,2024-11-16,16,1569.76,62.95,1632.71
INV01082,WO01688,V018,P007,2025-01-22,16,2199.36,779.71,2979.07
INV01083,WO01689,V023,P021,2025-04-05,16,1634.24,386.47,2020.71
INV01084,WO01691,V021,P031,2024-08-23,16,2586.88,63.13,2650.01
INV01085,WO01692,V020,P009,2024-06-13,16,2735.2,643.41,3378.61
INV01086,WO01693,V003,P040,2024-10-06,16,2247.68,162.5,2410.18
INV01087,WO01696,V006,P038,2024-07-09,16,2536.48,160.65,2697.13
INV01088,WO01697,V030,P049,2024-08-22,16,2952.64,94.36,3047.0
INV01089,WO01698,V007,P031,2024-10-01,16,2955.2,161.09,3116.29
INV01090,WO01699,V022,P032,2025-01-07,3.35,551.28,68.51,619.79
INV01091,WO01700,V016,P029,2024-11-02,16,2488.48,57.65,2546.13
INV01092,WO01701,V008,P025,2024-10-25,15.19,1598.14,290.94,1889.08
INV01093,WO01703,V021,P018,2024-11-02,16,2586.88,7.17,2594.05
INV01094,WO01705,V022,P038,2024-06-08,7.92,1303.32,148.19,1451.51
INV01095,WO01709,V002,P049,2025-01-28,16,2453.44,84.51,2537.95
INV01096,WO01712,V008,P044,2025-06-09,16,1683.36,258.6,1941.96
INV01097,WO01714,V022,P010,2025-04-29,16,2632.96,37.27,2670.23
INV01098,WO01715,V002,P012,2025-01-18,16,2453.44,311.36,2764.8
INV01099,WO01718,V006,P003,2024-07-27,16,2536.48,684.25,3220.73
INV01100,WO01720,V011,P002,2025-05-26,16,2301.92,239.47,2541.39
INV01101,WO01722,V011,P006,2024-12-29,16,2301.92,603.53,2905.45
INV01102,WO01723,V020,P025,2025-06-03,16,2735.2,114.47,2849.67
INV01103,WO01725,V003,P043,2025-01-05,16,2247.68,56.89,2304.57
INV01104,WO01729,V016,P010,2025-04-19,16,2488.48,107.76,2596.24
INV01105,WO01730,V003,P028,2024-10-05,5.78,811.97,135.11,947.08
INV01106,WO01731,V022,P037,2024-08-18,16,2632.96,219.03,2851.99
INV01107,WO01732,V018,P037,2025-06-14,16,2199.36,708.73,2908.09
INV01108,WO01734,V008,P018,2024-11-20,2.78,292.48,224.44,516.92
INV01109,WO01735,V007,P029,2025-06-01,16,2955.2,107.08,3062.28
INV01110,WO01736,V016,P028,2025-02-02,16,2488.48,200.21,2688.69
INV01111,WO01737,V005,P012,2025-01-11,16,1569.76,200.67,1770.43
INV01112,WO01738,V022,P018,2025-04-25,16,2632.96,42.31,2675.27
INV01113,WO01739,V030,P046,2025-04-01,16,2952.64,368.91,3321.55
INV01114,WO01740,V018,P036,2025-05-27,16,2199.36,505.84,2705.2
INV01115,WO01741,V030,P040,2024-10-30,16,2952.64,215.15,3167.79
INV01116,WO01743,V011,P039,2024-10-31,10.55,1517.83,342.0,1859.83
INV01117,WO01745,V017,P018,2025-04-19,16,2659.04,254.11,2913.15
INV01118,WO01746,V007,P014,2025-05-18,7.15,1320.61,123.8,1444.41
INV01119,WO01747,V011,P003,2025-02-19,16,2301.92,28.0,2329.92
INV01120,WO01748,V016,P031,2024-07-10,16,2488.48,53.92,2542.4
INV01121,WO01749,V020,P021,2025-04-30,13.21,2258.25,273.66,2531.91
INV01122,WO01750,V007,P037,2025-05-25,14.9,2752.03,243.18,2995.21
INV01123,WO01751,V008,P043,2025-02-05,16,1683.36,367.15,2050.51
INV01124,WO01753,V022,P016,2024-06-05,16,2632.96,204.34,2837.3
INV01125,WO01755,V013,P005,2024-06-10,16,2420.8,746.78,3167.58
INV01126,WO01756,V030,P021,2024-10-27,16,2952.64,67.8,3020.44
INV01127,WO01757,V007,P021,2024-12-19,16,2955.2,375.27,3330.47
INV01128,WO01759,V008,P028,2024-08-15,16,1683.36,138.72,1822.08
INV01129,WO01761,V002,P012,2025-04-14,16,2453.44,254.27,2707.71
INV01130,WO01762,V011,P049,2025-01-07,16,2301.92,446.83,2748.75
INV01131,WO01763,V030,P032,2025-02-07,16,2952.64,5.13,2957.77
INV01132,WO01766,V020,P032,2024-07-06,4.75,812.01,0.04,812.05
INV01133,WO01767,V022,P029,2025-04-11,16,2632.96,42.93,2675.89
INV01134,WO01770,V016,P028,2024-06-20,16,2488.48,120.15,2608.63
INV01135,WO01771,V007,P034,2025-04-25,16,2955.2,199.08,3154.28
INV01136,WO01772,V005,P032,2024-10-18,8.11,795.67,35.26,830.93
INV01137,WO01773,V020,P040,2025-04-13,16,2735.2,719.96,3455.16
INV01138,WO01774,V023,P003,2024-06-25,16,1634.24,381.51,2015.75
INV01139,WO01775,V005,P040,2024-12-09,16,1569.76,2.22,1571.98
INV01140,WO01776,V007,P032,2025-05-19,5.91,1091.58,374.32,1465.9
INV01141,WO01778,V030,P009,2025-04-30,16,2952.64,341.86,3294.5
INV01142,WO01779,V030,P038,2024-10-28,16,2952.64,280.42,3233.06
INV01143,WO01780,V011,P027,2025-05-27,16,2301.92,174.31,2476.23
INV01144,WO01781,V020,P023,2024-12-18,16,2735.2,397.27,3132.47
INV01145,WO01782,V017,P029,2024-08-24,16,2659.04,164.47,2823.51
INV01146,WO01783,V030,P041,2025-01-07,16,2952.64,102.26,3054.9
INV01147,WO01784,V006,P014,2025-04-20,16,2536.48,831.19,3367.67
INV01148,WO01785,V018,P029,2024-07-02,16,2199.36,491.67,2691.03
INV01149,WO01786,V008,P002,2024-07-19,16,1683.36,169.23,1852.59
INV01150,WO01787,V022,P028,2024-07-25,16,2632.96,149.37,2782.33
INV01151,WO01788,V002,P015,2025-03-13,16,2453.44,278.86,2732.3
INV01152,WO01789,V022,P023,2024-12-02,16,2632.96,36.67,2669.63
INV01153,WO01792,V011,P002,2025-05-23,16,2301.92,505.2,2807.12
INV01154,WO01794,V028,P037,2024-08-27,16,2176.0,391.51,2567.51
INV01155,WO01795,V005,P031,2025-02-26,16,1569.76,89.96,1659.72
INV01156,WO01796,V022,P014,2024-06-20,2.16,355.45,169.16,524.61
INV01157,WO01797,V020,P040,2025-03-14,16,2735.2,496.19,3231.39
INV01158,WO01798,V013,P021,2025-05-09,16,2420.8,331.88,2752.68
INV01159,WO01800,V022,P031,2024-09-29,16,2632.96,169.7,2802.66
INV01160,WO01801,V021,P029,2025-05-07,16,2586.88,118.93,2705.81
INV01161,WO01802,V001,P031,2025-05-18,16,1619.52,113.12,1732.64
INV01162,WO01803,V021,P032,2025-02-28,16,2586.88,133.98,2720.86
INV01163,WO01804,V017,P007,2024-09-26,16,2659.04,59.13,2718.17
INV01164,WO01805,V008,P007,2024-09-08,16,1683.36,87.29,1770.65
INV01165,WO01806,V023,P032,2024-08-01,16,1634.24,152.56,1786.8
INV01166,WO01807,V001,P012,2025-01-23,16,1619.52,146.34,1765.86
INV01167,WO01808,V013,P040,2024-12-03,16,2420.8,126.23,2547.03
INV01168,WO01811,V022,P048,2024-08-03,16,2632.96,48.63,2681.59
INV01169,WO01813,V005,P037,2025-06-08,16,1569.76,47.42,1617.18
INV01170,WO01814,V002,P003,2024-10-04,16,2453.44,231.41,2684.85
INV01171,WO01816,V022,P018,2024-11-02,12.84,2112.95,17.96,2130.91
INV01172,WO01817,V008,P037,2025-04-26,16,1683.36,133.06,1816.42
INV01173,WO01818,V001,P014,2024-08-06,16,1619.52,233.14,1852.66
INV01174,WO01819,V028,P042,2025-02-27,16,2176.0,7.79,2183.79
INV01175,WO01820,V017,P022,2024-10-04,16,2659.04,246.55,2905.59
INV01176,WO01821,V022,P037,2024-10-16,16,2632.96,158.31,2791.27
INV01177,WO01822,V016,P007,2025-04-02,16,2488.48,166.76,2655.24
INV01178,WO01823,V016,P045,2024-09-16,16,2488.48,192.55,2681.03
INV01179,WO01824,V007,P010,2025-05-10,16,2955.2,355.3,3310.5
INV01180,WO01825,V018,P003,2025-04-10,16,2199.36,364.31,2563.67
INV01181,WO01827,V011,P050,2024-08-21,16,2301.92,533.13,2835.05
INV01182,WO01828,V023,P016,2025-01-03,2.61,266.59,17.7,284.29
INV01183,WO01831,V018,P050,2024-07-05,16,2199.36,663.64,2863.0
INV01184,WO01833,V021,P009,2025-04-05,16,2586.88,150.09,2736.97
INV01185,WO01834,V016,P012,2025-04-05,16,2488.48,60.46,2548.94
INV01186,WO01835,V016,P025,2024-11-03,16,2488.48,202.87,2691.35
INV01187,WO01837,V007,P016,2025-03-23,16,2955.2,26.99,2982.19
INV01188,WO01839,V007,P020,2024-12-12,16,2955.2,364.19,3319.39
INV01189,WO01842,V002,P012,2025-01-06,16,2453.44,61.46,2514.9
INV01190,WO01845,V005,P012,2024-06-17,16,1569.76,172.3,1742.06
INV01191,WO01846,V021,P018,2025-04-22,16,2586.88,162.51,2749.39
INV01192,WO01847,V002,P048,2025-05-11,16,2453.44,97.84,2551.28
INV01193,WO01848,V016,P049,2024-07-27,16,2488.48,126.79,2615.27
INV01194,WO01850,V016,P040,2025-06-08,16,2488.48,40.45,2528.93
INV01195,WO01853,V003,P021,2024-10-02,16,2247.68,217.04,2464.72
INV01196,WO01856,V017,P022,2024-07-26,16,2659.04,308.71,2967.75
INV01197,WO01857,V007,P007,2024-09-27,16,2955.2,372.42,3327.62
INV01198,WO01859,V007,P020,2024-11-22,16,2955.2,70.45,3025.65
INV01199,WO01860,V016,P029,2025-01-16,16,2488.48,12.28,2500.76
INV01200,WO01862,V021,P004,2024-10-27,16,2586.88,4.95,2591.83
INV01201,WO01863,V022,P007,2024-11-29,16,2632.96,4.55,2637.51
INV01202,WO01866,V008,P022,2024-09-23,16,1683.36,189.14,1872.5
INV01203,WO01867,V007,P014,2025-01-05,16,2955.2,366.48,3321.68
INV01204,WO01868,V020,P035,2024-08-13,16,2735.2,845.18,3580.38
INV01205,WO01871,V021,P007,2024-10-04,16,2586.88,150.83,2737.71
INV01206,WO01872,V030,P002,2024-06-23,16,2952.64,234.42,3187.06
INV01207,WO01873,V020,P012,2025-04-15,16,2735.2,845.29,3580.49
INV01208,WO01874,V023,P029,2025-05-15,16,1634.24,318.94,1953.18
INV01209,WO01876,V006,P009,2025-05-28,16,2536.48,358.42,2894.9
INV01210,WO01877,V003,P005,2025-03-12,7.87,1105.58,288.78,1394.36
INV01211,WO01880,V008,P031,2025-01-02,16,1683.36,310.82,1994.18
INV01212,WO01881,V021,P007,2024-07-27,16,2586.88,0.32,2587.2
INV01213,WO01882,V006,P038,2025-05-17,16,2536.48,555.32,3091.8
INV01214,WO01883,V022,P029,2025-03-22,16,2632.96,171.69,2804.65
INV01215,WO01884,V001,P050,2024-09-25,16,1619.52,63.99,1683.51
INV01216,WO01889,V001,P012,2024-07-24,16,1619.52,123.23,1742.75
INV01217,WO01893,V005,P025,2025-03-23,16,1569.76,150.38,1720.14
INV01218,WO01896,V028,P014,2025-05-16,16,2176.0,284.92,2460.92
INV01219,WO01897,V006,P018,2024-11-27,16,2536.48,827.13,3363.61
INV01220,WO01898,V005,P007,2025-03-28,16,1569.76,125.87,1695.63
INV01221,WO01899,V002,P029,2024-09-06,16,2453.44,340.58,2794.02
INV01222,WO01900,V023,P016,2025-04-22,16,1634.24,58.37,1692.61
INV01223,WO01901,V023,P009,2025-02-13,16,1634.24,328.06,1962.3
INV01224,WO01903,V021,P022,2024-08-09,16,2586.88,206.53,2793.41
INV01225,WO01907,V002,P004,2025-05-10,16,2453.44,179.75,2633.19
INV01226,WO01909,V007,P037,2025-01-12,16,2955.2,60.55,3015.75
INV01227,WO01910,V023,P001,2025-01-14,16,1634.24,201.27,1835.51
INV01228,WO01911,V002,P029,2024-09-11,16,2453.44,146.81,2600.25
INV01229,WO01914,V030,P021,2024-08-06,16,2952.64,363.68,3316.32
INV01230,WO01916,V017,P028,2024-12-28,10.37,1723.39,223.2,1946.59
INV01231,WO01917,V028,P037,2025-02-01,16,2176.0,55.45,2231.45
INV01232,WO01918,V003,P005,2024-08-12,16,2247.68,12.44,2260.12
INV01233,WO01920,V006,P048,2025-04-04,16,2536.48,729.86,3266.34
INV01234,WO01921,V003,P006,2025-01-19,11.22,1576.19,15.52,1591.71
INV01235,WO01922,V017,P022,2025-05-17,16,2659.04,175.38,2834.42
INV01236,WO01923,V007,P012,2024-09-09,16,2955.2,174.88,3130.08
INV01237,WO01924,V017,P029,2025-05-14,16,2659.04,283.44,2942.48
INV01238,WO01927,V008,P038,2024-10-11,16,1683.36,311.59,1994.95
INV01239,WO01928,V020,P009,2025-05-13,16,2735.2,114.42,2849.62
INV01240,WO01929,V016,P024,2025-03-10,16,2488.48,34.52,2523.0
INV01241,WO01931,V020,P022,2025-05-12,16,2735.2,663.84,3399.04
INV01242,WO01932,V021,P014,2024-12-27,16,2586.88,192.64,2779.52
INV01243,WO01933,V002,P004,2024-12-15,16,2453.44,81.62,2535.06
INV01244,WO01934,V002,P026,2025-01-05,16,2453.44,164.43,2617.87
INV01245,WO01936,V017,P003,2025-01-27,16,2659.04,274.04,2933.08
INV01246,WO01938,V028,P012,2024-07-21,16,2176.0,210.53,2386.53
INV01247,WO01939,V018,P001,2024-10-28,16,2199.36,292.59,2491.95
INV01248,WO01940,V018,P038,2024-10-22,16,2199.36,618.52,2817.88
INV01249,WO01941,V011,P032,2025-03-08,16,2301.92,282.08,2584.0
INV01250,WO01945,V003,P016,2024-12-15,16,2247.68,135.98,2383.66
INV01251,WO01946,V021,P032,2024-09-22,2.5,404.2,118.93,523.13
INV01252,WO01947,V007,P028,2024-11-19,16,2955.2,363.47,3318.67
INV01253,WO01952,V005,P022,2024-10-10,16,1569.76,58.82,1628.58
INV01254,WO01957,V008,P031,2024-11-30,16,1683.36,181.24,1864.6
INV01255,WO01958,V022,P002,2025-04-04,0.92,151.4,88.19,239.59
INV01256,WO01960,V021,P021,2024-07-14,16,2586.88,112.23,2699.11
INV01257,WO01961,V008,P049,2025-05-01,16,1683.36,17.09,1700.45
INV01258,WO01962,V017,P031,2025-01-23,16,2659.04,144.23,2803.27
INV01259,WO01963,V007,P001,2024-07-06,10.48,1935.66,243.61,2179.27
INV01260,WO01964,V001,P037,2025-03-20,16,1619.52,104.72,1724.24
INV01261,WO01966,V016,P009,2025-04-20,2.82,438.59,136.77,575.36
INV01262,WO01967,V011,P029,2024-12-02,15.48,2227.11,497.22,2724.33
INV01263,WO01968,V007,P003,2025-02-13,16,2955.2,370.8,3326.0
INV01264,WO01970,V011,P042,2024-10-11,16,2301.92,386.85,2688.77
INV01265,WO01971,V007,P049,2024-12-19,16,2955.2,44.94,3000.14
INV01266,WO01972,V016,P037,2024-08-08,16,2488.48,81.81,2570.29
INV01267,WO01973,V005,P040,2024-09-20,16,1569.76,163.94,1733.7
INV01268,WO01976,V011,P007,2024-12-04,16,2301.92,166.45,2468.37
INV01269,WO01978,V021,P040,2024-09-02,16,2586.88,132.74,2719.62
INV01270,WO01980,V017,P002,2025-01-13,16,2659.04,44.48,2703.52
INV01271,WO01981,V023,P012,2024-08-07,16,1634.24,43.87,1678.11
INV01272,WO01982,V016,P010,2025-05-29,16,2488.48,26.54,2515.02
INV01273,WO01987,V011,P012,2024-10-05,16,2301.92,374.74,2676.66
INV01274,WO01988,V023,P030,2024-11-27,16,1634.24,275.08,1909.32
INV01275,WO01989,V016,P005,2024-09-25,16,2488.48,124.05,2612.53
INV01276,WO01991,V003,P012,2024-11-17,16,2247.68,241.44,2489.12
INV01277,WO01992,V030,P040,2024-09-23,16,2952.64,252.77,3205.41
INV01278,WO01993,V022,P028,2025-05-21,6.18,1016.98,204.83,1221.81
INV01279,WO01994,V017,P010,2025-04-29,16,2659.04,32.15,2691.19
INV01280,WO01995,V021,P002,2025-04-04,16,2586.88,101.26,2688.14
INV01281,WO01997,V013,P018,2024-07-19,16,2420.8,392.72,2813.52
INV01282,WO01998,V028,P007,2025-05-28,16,2176.0,218.32,2394.32
INV01283,WO01999,V001,P029,2025-03-26,16,1619.52,299.81,1919.33
INV01284,WO02001,V008,P007,2024-07-14,16,1683.36,264.91,1948.27
INV01285,WO02002,V028,P018,2024-11-08,16,2176.0,395.15,2571.15
INV01286,WO02003,V018,P007,2024-12-25,8.49,1167.04,43.86,1210.9
INV01287,WO02004,V005,P012,2025-03-10,10.79,1058.61,137.22,1195.83
INV01288,WO02005,V016,P028,2025-04-24,16,2488.48,130.49,2618.97
INV01289,WO02007,V016,P039,2024-12-17,16,2488.48,34.16,2522.64
INV01290,WO02009,V002,P022,2024-09-18,16,2453.44,98.15,2551.59
INV01291,WO02010,V007,P002,2025-03-12,16,2955.2,217.91,3173.11
INV01292,WO02011,V018,P009,2024-07-23,16,2199.36,214.96,2414.32
INV01293,WO02013,V013,P025,2024-06-05,10.51,1590.16,823.89,2414.05
INV01294,WO02014,V011,P032,2024-12-29,16,2301.92,407.97,2709.89
INV01295,WO02015,V008,P002,2024-08-24,2.95,310.37,196.38,506.75
INV01296,WO02016,V002,P012,2025-03-15,16,2453.44,271.83,2725.27
INV01297,WO02017,V016,P045,2025-04-27,16,2488.48,86.01,2574.49
INV01298,WO02018,V006,P021,2025-02-10,16,2536.48,595.52,3132.0
INV01299,WO02020,V016,P043,2024-06-09,16,2488.48,105.71,2594.19
INV01300,WO02021,V017,P021,2024-08-23,16,2659.04,128.99,2788.03
INV01301,WO02022,V018,P030,2025-05-23,16,2199.36,444.98,2644.34
INV01302,WO02023,V023,P028,2024-08-16,16,1634.24,123.02,1757.26
INV01303,WO02024,V022,P025,2024-12-30,16,2632.96,136.03,2768.99
INV01304,WO02025,V017,P032,2025-03-01,16,2659.04,68.28,2727.32
INV01305,WO02026,V008,P031,2024-08-18,7.39,777.5,263.82,1041.32
INV01306,WO02027,V011,P012,2024-09-23,16,2301.92,625.65,2927.57
INV01307,WO02029,V001,P036,2025-02-05,16,1619.52,11.63,1631.15
INV01308,WO02030,V017,P045,2024-08-07,16,2659.04,278.57,2937.61
INV01309,WO02031,V001,P022,2025-01-01,1.1,111.34,176.37,287.71
INV01310,WO02032,V021,P032,2025-05-18,16,2586.88,153.32,2740.2
INV01311,WO02033,V016,P014,2024-10-02,16,2488.48,13.67,2502.15
INV01312,WO02034,V005,P012,2024-11-06,16,1569.76,218.9,1788.66
INV01313,WO02035,V008,P047,2025-01-04,16,1683.36,353.21,2036.57
INV01314,WO02037,V013,P013,2024-08-29,16,2420.8,528.0,2948.8
INV01315,WO02038,V002,P005,2025-02-13,16,2453.44,368.04,2821.48
INV01316,WO02039,V001,P045,2024-06-17,16,1619.52,240.75,1860.27
INV01317,WO02040,V008,P043,2024-11-18,16,1683.36,330.97,2014.33
INV01318,WO02041,V006,P003,2025-01-02,16,2536.48,144.98,2681.46
INV01319,WO02044,V001,P022,2024-07-10,16,1619.52,95.4,1714.92
INV01320,WO02046,V020,P016,2024-11-28,16,2735.2,205.51,2940.71
INV01321,WO02048,V011,P001,2024-10-09,16,2301.92,92.82,2394.74
INV01322,WO02049,V028,P007,2024-08-18,16,2176.0,289.71,2465.71
INV01323,WO02050,V008,P049,2024-11-17,16,1683.36,349.12,2032.48
INV01324,WO02051,V005,P037,2024-07-27,16,1569.76,162.05,1731.81
INV01325,WO02052,V030,P029,2024-06-13,16,2952.64,375.84,3328.48
INV01326,WO02053,V006,P023,2024-08-18,16,2536.48,609.28,3145.76
INV01327,WO02054,V008,P040,2025-02-01,16,1683.36,308.14,1991.5
INV01328,WO02056,V003,P014,2025-05-10,16,2247.68,23.43,2271.11
INV01329,WO02057,V018,P024,2024-06-21,16,2199.36,245.63,2444.99
INV01330,WO02058,V018,P005,2024-08-27,16,2199.36,424.95,2624.31
INV01331,WO02059,V023,P038,2025-04-30,16,1634.24,321.66,1955.9
INV01332,WO02060,V002,P047,2025-05-16,16,2453.44,308.17,2761.61
INV01333,WO02062,V030,P029,2024-08-22,16,2952.64,293.16,3245.8
INV01334,WO02063,V008,P028,2024-12-08,6.02,633.36,345.95,979.31
INV01335,WO02064,V023,P038,2024-08-16,16,1634.24,52.74,1686.98
INV01336,WO02068,V003,P037,2024-10-18,11.06,1553.71,84.49,1638.2
INV01337,WO02069,V016,P031,2025-05-04,16,2488.48,12.04,2500.52
INV01338,WO02070,V003,P031,2024-08-20,16,2247.68,195.16,2442.84
INV01339,WO02071,V001,P031,2025-02-08,3.38,342.12,401.87,743.99
INV01340,WO02075,V021,P031,2025-06-02,16,2586.88,163.59,2750.47
INV01341,WO02076,V022,P006,2024-07-02,16,2632.96,83.67,2716.63
INV01342,WO02077,V017,P046,2025-01-08,16,2659.04,358.33,3017.37
INV01343,WO02078,V022,P021,2024-07-02,16,2632.96,182.69,2815.65
INV01344,WO02080,V017,P010,2025-03-06,16,2659.04,87.2,2746.24
INV01345,WO02081,V011,P032,2024-09-15,16,2301.92,1.75,2303.67
INV01346,WO02082,V030,P012,2025-01-07,16,2952.64,367.25,3319.89
INV01347,WO02085,V013,P038,2025-03-31,16,2420.8,824.92,3245.72
INV01348,WO02086,V006,P040,2025-06-08,16,2536.48,615.88,3152.36
INV01349,WO02087,V001,P005,2024-07-22,16,1619.52,31.01,1650.53
INV01350,WO02088,V013,P049,2024-06-11,16,2420.8,152.34,2573.14
INV01351,WO02089,V011,P031,2024-10-02,16,2301.92,564.37,2866.29
INV01352,WO02090,V002,P038,2025-05-12,16,2453.44,308.38,2761.82
INV01353,WO02092,V003,P031,2024-11-04,16,2247.68,39.75,2287.43
INV01354,WO02094,V006,P005,2024-11-25,16,2536.48,744.47,3280.95
INV01355,WO02095,V013,P038,2024-10-21,14.67,2219.57,543.85,2763.42
INV01356,WO02098,V013,P040,2024-11-07,16,2420.8,805.04,3225.84
INV01357,WO02099,V005,P039,2025-04-07,16,1569.76,20.97,1590.73
INV01358,WO02100,V030,P005,2025-05-27,16,2952.64,75.24,3027.88
INV01359,WO02101,V021,P029,2025-01-22,16,2586.88,111.61,2698.49
INV01360,WO02103,V016,P016,2025-01-13,16,2488.48,160.65,2649.13
INV01361,WO02105,V020,P007,2025-01-04,4.63,791.5,265.19,1056.69
INV01362,WO02106,V005,P018,2025-04-15,16,1569.76,85.46,1655.22
INV01363,WO02108,V006,P014,2025-01-28,16,2536.48,638.49,3174.97
INV01364,WO02111,V011,P001,2024-11-03,16,2301.92,842.94,3144.86
INV01365,WO02113,V008,P031,2025-04-13,16,1683.36,248.95,1932.31
INV01366,WO02114,V003,P027,2024-07-23,16,2247.68,70.75,2318.43
INV01367,WO02115,V002,P029,2024-09-26,9.46,1450.6,121.43,1572.03
INV01368,WO02116,V013,P012,2024-08-08,16,2420.8,306.17,2726.97
INV01369,WO02117,V021,P009,2025-04-08,16,2586.88,52.17,2639.05
INV01370,WO02119,V003,P016,2024-10-04,16,2247.68,375.85,2623.53
INV01371,WO02120,V018,P050,2025-01-21,16,2199.36,844.4,3043.76
INV01372,WO02122,V005,P028,2024-12-02,16,1569.76,0.94,1570.7
INV01373,WO02124,V020,P035,2024-10-17,16,2735.2,451.2,3186.4
INV01374,WO02126,V005,P002,2025-05-03,16,1569.76,104.12,1673.88
INV01375,WO02127,V006,P016,2025-05-16,16,2536.48,140.36,2676.84
INV01376,WO02128,V011,P045,2024-07-21,11.97,1722.12,430.59,2152.71
INV01377,WO02131,V001,P021,2024-12-05,12.89,1304.73,157.1,1461.83
INV01378,WO02133,V005,P010,2025-03-06,16,1569.76,198.57,1768.33
INV01379,WO02134,V021,P014,2024-06-25,16,2586.88,49.6,2636.48
INV01380,WO02139,V017,P014,2025-05-03,16,2659.04,399.01,3058.05
INV01381,WO02140,V008,P031,2024-08-25,16,1683.36,193.47,1876.83
INV01382,WO02141,V001,P014,2024-07-17,16,1619.52,26.59,1646.11
INV01383,WO02142,V016,P022,2025-04-09,16,2488.48,122.44,2610.92
INV01384,WO02143,V021,P033,2025-03-26,16,2586.88,134.76,2721.64
INV01385,WO02146,V030,P006,2024-11-06,16,2952.64,112.89,3065.53
INV01386,WO02147,V022,P007,2024-11-03,16,2632.96,127.57,2760.53
INV01387,WO02149,V018,P023,2025-01-06,16,2199.36,743.1,2942.46
INV01388,WO02154,V018,P040,2024-08-14,16,2199.36,415.08,2614.44
INV01389,WO02155,V001,P009,2024-07-12,16,1619.52,346.76,1966.28
INV01390,WO02158,V023,P045,2025-05-09,16,1634.24,381.12,2015.36
INV01391,WO02159,V022,P033,2025-05-11,16,2632.96,137.22,2770.18
INV01392,WO02160,V007,P021,2024-07-04,16,2955.2,47.79,3002.99
INV01393,WO02162,V003,P022,2024-06-09,16,2247.68,0.41,2248.09
INV01394,WO02164,V022,P012,2025-01-26,16,2632.96,2.21,2635.17
INV01395,WO02165,V005,P038,2025-02-12,16,1569.76,194.59,1764.35
INV01396,WO02166,V006,P034,2025-05-07,16,2536.48,87.2,2623.68
INV01397,WO02168,V016,P029,2024-09-06,10.71,1665.73,3.41,1669.14
INV01398,WO02169,V016,P025,2025-01-05,16,2488.48,184.53,2673.01
INV01399,WO02170,V005,P022,2025-04-01,16,1569.76,71.11,1640.87
INV01400,WO02171,V028,P014,2024-12-02,16,2176.0,257.02,2433.02
INV01401,WO02173,V021,P012,2025-04-15,16,2586.88,8.56,2595.44
INV01402,WO02174,V008,P002,2025-04-07,16,1683.36,203.26,1886.62
INV01403,WO02175,V003,P018,2025-02-14,16,2247.68,248.11,2495.79
INV01404,WO02176,V028,P007,2025-01-02,16,2176.0,314.47,2490.47
INV01405,WO02179,V013,P047,2025-04-04,8.01,1211.91,139.23,1351.14
INV01406,WO02180,V023,P037,2024-12-10,16,1634.24,76.31,1710.55
INV01407,WO02182,V001,P007,2024-11-26,16,1619.52,7.62,1627.14
INV01408,WO02184,V011,P028,2025-05-30,16,2301.92,586.67,2888.59
INV01409,WO02185,V007,P001,2024-11-20,16,2955.2,329.61,3284.81
INV01410,WO02186,V007,P012,2024-07-05,16,2955.2,323.98,3279.18
INV01411,WO02189,V030,P032,2024-06-07,16,2952.64,321.41,3274.05
INV01412,WO02190,V002,P002,2025-05-16,16,2453.44,93.57,2547.01
INV01413,WO02192,V022,P014,2025-06-06,16,2632.96,74.77,2707.73
INV01414,WO02193,V002,P022,2024-11-22,16,2453.44,255.23,2708.67
INV01415,WO02195,V002,P016,2025-04-02,16,2453.44,321.15,2774.59
INV01416,WO02196,V018,P010,2025-01-11,16,2199.36,124.94,2324.3
INV01417,WO02197,V020,P014,2024-10-09,16,2735.2,710.89,3446.09
INV01418,WO02198,V028,P026,2024-09-24,16,2176.0,45.7,2221.7
INV01419,WO02200,V003,P021,2024-09-11,16,2247.68,90.85,2338.53
