tenant_id,first_name,last_name,property_id,unit_number,lease_start,lease_end,monthly_rent,security_deposit,move_in_date,satisfaction_score,at_risk
T0001,Ryan,Perez,P045,42,2023-08-17,2025-08-06,2020.0,4040.0,2023-08-17,4.4,False
T0002,Rebecca,Johnson,P021,42,2024-09-07,2025-03-06,1200.0,1800.0,2024-09-07,4.0,False
T0003,Anthony,Nguyen,P040,65,2023-03-28,2024-03-22,2340.0,4680.0,2023-03-28,3.5,False
T0004,Brenda,Baker,P035,14,2023-07-24,2024-07-18,4200.0,8400.0,2023-07-24,3.4,True
T0005,Helen,Brown,P036,5,2024-11-14,2025-11-09,11600.0,23200.0,2024-11-14,3.5,False
T0006,Kenneth,Thompson,P038,148,2022-10-30,2023-10-25,1760.0,2640.0,2022-10-30,3.6,False
T0007,Ryan,Mitchell,P029,188,2024-07-01,2026-06-21,1640.0,2460.0,2024-07-01,4.4,False
T0008,Jeffrey,Campbell,P007,92,2023-08-15,2024-08-09,2760.0,4140.0,2023-08-15,4.9,False
T0009,Samantha,Perez,P009,3,2022-06-26,2023-06-21,1260.0,1260.0,2022-06-26,3.8,False
T0010,Andrew,Clark,P021,6,2024-02-09,2024-08-07,3050.0,3050.0,2024-02-09,3.7,True
T0011,Nicholas,Williams,P002,91,2022-10-08,2023-10-03,2200.0,3300.0,2022-10-08,3.6,False
T0012,Sarah,Smith,P043,19,2023-09-15,2024-09-09,10300.0,10300.0,2023-09-15,3.8,False
T0013,Shirley,Lopez,P020,31,2024-08-25,2025-02-21,1540.0,2310.0,2024-08-25,4.8,False
T0014,William,Hill,P050,15,2023-05-17,2023-11-13,2990.0,5980.0,2023-05-17,3.4,False
T0015,Gary,Hall,P022,101,2024-09-11,2026-09-01,1760.0,1760.0,2024-09-11,3.4,False
T0016,Joshua,Robinson,P038,94,2022-02-05,2023-01-31,1790.0,3580.0,2022-02-05,2.9,False
T0017,Cynthia,Brown,P029,131,2022-12-01,2023-05-30,1250.0,1875.0,2022-12-01,3.7,False
T0018,Joseph,Hill,P042,35,2022-06-07,2024-05-27,2500.0,2500.0,2022-06-07,4.2,False
T0019,Edward,Miller,P029,171,2023-10-10,2024-10-04,2170.0,4340.0,2023-10-10,4.3,False
T0020,Nicholas,Clark,P022,66,2022-10-22,2023-04-20,2260.0,3390.0,2022-10-22,3.4,False
T0021,Anthony,Scott,P045,61,2022-11-30,2023-05-29,3020.0,6040.0,2022-11-30,3.9,False
T0022,Charles,Johnson,P026,3,2022-08-22,2023-08-17,2500.0,3750.0,2022-08-22,3.0,False
T0023,Jonathan,Carter,P025,55,2024-01-13,2025-01-07,1730.0,2595.0,2024-01-13,4.8,False
T0024,Charles,Hall,P007,82,2023-09-16,2024-03-14,1340.0,1340.0,2023-09-16,3.1,False
T0025,Jeffrey,Hall,P038,92,2023-09-22,2024-09-16,2500.0,2500.0,2023-09-22,5.0,False
T0026,Helen,Nguyen,P007,25,2024-09-18,2025-09-13,1120.0,1120.0,2024-09-18,1.9,True
T0027,Joseph,Davis,P047,13,2023-06-03,2023-11-30,2010.0,4020.0,2023-06-03,3.8,True
T0028,Christopher,Mitchell,P023,7,2023-02-14,2024-02-09,4100.0,6150.0,2023-02-14,2.9,False
T0029,Paul,Allen,P010,28,2023-12-14,2024-12-08,3080.0,6160.0,2023-12-14,3.9,False
T0030,Kenneth,Hernandez,P001,6,2022-01-29,2024-01-19,2700.0,5400.0,2022-01-29,3.2,False
T0031,Gary,White,P007,173,2022-07-22,2023-07-17,960.0,1920.0,2022-07-22,4.7,False
T0032,Ronald,Ramirez,P002,120,2024-06-19,2024-12-16,2280.0,2280.0,2024-06-19,3.6,False
T0033,Pamela,Davis,P007,69,2024-04-14,2024-10-11,2110.0,4220.0,2024-04-14,3.5,False
T0034,Laura,Young,P014,141,2024-01-10,2025-01-04,1260.0,1260.0,2024-01-10,2.9,False
T0035,Ryan,Anderson,P049,57,2024-07-24,2026-07-14,1820.0,3640.0,2024-07-24,4.3,False
T0036,Gary,Baker,P018,76,2024-05-26,2025-05-21,1870.0,2805.0,2024-05-26,4.8,False
T0037,Richard,Davis,P049,50,2024-10-03,2025-04-01,1350.0,1350.0,2024-10-03,3.9,False
T0038,Sharon,Gonzalez,P021,59,2022-07-28,2023-07-23,1840.0,3680.0,2022-07-28,4.9,True
T0039,Nicole,Moore,P028,51,2024-04-07,2024-10-04,2850.0,5700.0,2024-04-07,3.7,False
T0040,Angela,Young,P022,112,2023-07-14,2024-07-08,2670.0,5340.0,2023-07-14,4.3,False
T0041,Carol,Green,P032,87,2024-07-20,2025-01-16,1580.0,1580.0,2024-07-20,3.9,False
T0042,Matthew,Harris,P031,13,2022-04-19,2022-10-16,1020.0,2040.0,2022-04-19,2.9,False
T0043,Karen,Nelson,P021,80,2022-11-09,2023-11-04,2480.0,4960.0,2022-11-09,3.0,False
T0044,Eric,Taylor,P021,66,2024-08-12,2025-08-07,2680.0,5360.0,2024-08-12,3.2,True
T0045,Sandra,Harris,P043,11,2022-02-06,2022-08-05,5400.0,8100.0,2022-02-06,4.7,False
T0046,George,Rivera,P021,41,2024-02-10,2025-02-04,1660.0,1660.0,2024-02-10,2.9,False
T0047,Thomas,Torres,P049,33,2022-10-03,2023-09-28,2060.0,4120.0,2022-10-03,3.9,False
T0048,Lisa,Sanchez,P046,13,2024-08-20,2025-08-15,2050.0,3075.0,2024-08-20,2.0,True
T0049,Kenneth,Lee,P012,164,2024-02-13,2026-02-02,2060.0,2060.0,2024-02-13,4.5,False
T0050,Sarah,Carter,P014,133,2022-04-03,2023-03-29,1010.0,2020.0,2022-04-03,3.6,False
T0051,Brian,Brown,P050,62,2022-07-19,2023-07-14,1720.0,3440.0,2022-07-19,3.6,False
T0052,William,Martin,P018,81,2023-04-26,2024-04-20,1500.0,1500.0,2023-04-26,4.8,False
T0053,Jeffrey,Torres,P038,86,2022-02-10,2024-01-31,1710.0,3420.0,2022-02-10,3.8,False
T0054,Joshua,Harris,P037,127,2023-07-01,2023-12-28,2980.0,5960.0,2023-07-01,4.1,False
T0055,Sharon,Young,P021,33,2022-07-20,2023-07-15,1830.0,3660.0,2022-07-20,4.3,False
T0056,Anna,Gonzalez,P025,10,2023-11-27,2024-11-21,2780.0,4170.0,2023-11-27,3.6,False
T0057,George,Torres,P031,50,2022-06-04,2024-05-24,2380.0,3570.0,2022-06-04,3.4,False
T0058,William,Torres,P038,150,2022-07-08,2024-06-27,2760.0,5520.0,2022-07-08,3.5,False
T0059,George,Allen,P025,36,2023-03-06,2024-02-29,2020.0,3030.0,2023-03-06,4.2,False
T0060,Helen,Robinson,P003,1,2023-10-04,2024-09-28,1920.0,3840.0,2023-10-04,3.4,False
T0061,Emily,Torres,P016,39,2023-01-05,2023-07-04,2670.0,4005.0,2023-01-05,3.9,False
T0062,Anna,Torres,P037,98,2024-08-15,2025-08-10,1430.0,2860.0,2024-08-15,4.2,False
T0063,George,Ramirez,P010,61,2023-02-15,2024-02-10,2360.0,3540.0,2023-02-15,3.3,False
T0064,Kenneth,Adams,P028,81,2022-05-12,2023-05-07,1670.0,1670.0,2022-05-12,3.4,False
T0065,Sarah,Thomas,P021,68,2023-04-29,2024-04-23,1530.0,2295.0,2023-04-29,3.1,False
T0066,Dorothy,Johnson,P048,1,2024-06-12,2025-06-07,1990.0,2985.0,2024-06-12,2.1,True
T0067,Nicholas,Johnson,P038,118,2023-07-23,2025-07-12,2730.0,2730.0,2023-07-23,4.5,True
T0068,Jason,White,P012,43,2022-06-21,2023-06-16,2880.0,5760.0,2022-06-21,4.7,False
T0069,Dorothy,Thomas,P032,126,2022-07-04,2023-06-29,2430.0,2430.0,2022-07-04,4.4,False
T0070,Samantha,Taylor,P029,31,2024-10-21,2025-04-19,2230.0,3345.0,2024-10-21,4.6,False
T0071,Kevin,Nguyen,P003,34,2023-05-03,2025-04-22,2940.0,5880.0,2023-05-03,4.6,False
T0072,Michelle,Moore,P014,33,2023-04-29,2024-04-23,1830.0,2745.0,2023-04-29,3.0,False
T0073,Thomas,Lee,P016,12,2022-04-25,2023-04-20,1870.0,3740.0,2022-04-25,4.3,False
T0074,Edward,Walker,P049,19,2023-05-20,2024-05-14,1900.0,3800.0,2023-05-20,4.9,False
T0075,Michael,Mitchell,P009,96,2023-09-24,2024-03-22,1780.0,3560.0,2023-09-24,4.8,False
T0076,Edward,Baker,P012,125,2022-04-22,2023-04-17,2750.0,2750.0,2022-04-22,3.6,False
T0077,Timothy,Taylor,P037,36,2023-04-30,2024-04-24,2150.0,3225.0,2023-04-30,4.8,False
T0078,Ryan,Green,P029,137,2023-04-28,2024-04-22,1150.0,1725.0,2023-04-28,4.8,False
T0079,Nicholas,Walker,P012,48,2024-04-12,2024-10-09,2930.0,5860.0,2024-04-12,3.0,False
T0080,Daniel,Hall,P028,68,2023-11-13,2024-11-07,1880.0,2820.0,2023-11-13,4.6,False
T0081,Laura,Robinson,P032,75,2023-12-22,2024-12-16,2090.0,4180.0,2023-12-22,4.6,False
T0082,Dorothy,Smith,P014,72,2022-04-17,2023-04-12,1010.0,1515.0,2022-04-17,4.5,False
T0083,Amanda,King,P029,19,2023-09-18,2024-09-12,1400.0,2800.0,2023-09-18,3.0,False
T0084,Joshua,Lewis,P045,52,2022-09-24,2024-09-13,3130.0,4695.0,2022-09-24,4.5,False
T0085,Laura,Jackson,P003,37,2022-10-01,2023-09-26,2920.0,2920.0,2022-10-01,4.1,False
T0086,Donald,Johnson,P040,18,2024-01-23,2025-01-17,1140.0,1140.0,2024-01-23,3.6,False
T0087,Kimberly,Brown,P012,13,2023-04-14,2023-10-11,3030.0,4545.0,2023-04-14,3.2,False
T0088,Sandra,Smith,P032,50,2023-06-17,2024-06-11,2340.0,4680.0,2023-06-17,3.6,False
T0089,Anthony,Moore,P031,20,2024-07-18,2025-07-13,2130.0,3195.0,2024-07-18,4.0,True
T0090,Michelle,Jackson,P007,110,2024-02-22,2025-02-16,2630.0,5260.0,2024-02-22,3.3,False
T0091,Stephanie,Taylor,P007,43,2024-05-06,2025-05-01,2470.0,2470.0,2024-05-06,3.1,False
T0092,Richard,Smith,P042,6,2023-05-24,2024-05-18,3900.0,5850.0,2023-05-24,4.2,False
T0093,Jeffrey,Mitchell,P029,53,2023-10-25,2024-10-19,1250.0,2500.0,2023-10-25,4.4,False
T0094,Paul,Walker,P029,90,2022-07-15,2024-07-04,1530.0,2295.0,2022-07-15,2.7,True
T0095,George,Sanchez,P040,24,2022-04-04,2022-10-01,3190.0,6380.0,2022-04-04,4.2,False
T0096,Nicole,Perez,P003,48,2022-03-26,2024-03-15,1780.0,2670.0,2022-03-26,3.2,False
T0097,Joshua,Williams,P026,9,2023-10-12,2025-10-01,1250.0,1250.0,2023-10-12,3.4,False
T0098,Melissa,Flores,P018,10,2023-07-30,2024-07-24,2070.0,3105.0,2023-07-30,3.4,False
T0099,Ashley,Scott,P022,123,2024-06-11,2025-06-06,2110.0,4220.0,2024-06-11,5.0,True
T0100,Emily,Williams,P012,12,2024-06-20,2024-12-17,2380.0,3570.0,2024-06-20,2.9,False
T0101,Nicole,Williams,P031,71,2024-08-14,2025-08-09,1540.0,2310.0,2024-08-14,4.6,True
T0102,Christopher,Davis,P014,145,2024-09-20,2025-09-15,1750.0,2625.0,2024-09-20,4.7,False
T0103,Andrew,Torres,P016,35,2023-08-05,2024-07-30,1160.0,2320.0,2023-08-05,4.4,False
T0104,Karen,Thomas,P046,4,2022-01-09,2023-12-30,2270.0,3405.0,2022-01-09,3.2,False
T0105,Sandra,Sanchez,P032,12,2023-11-05,2024-05-03,2470.0,3705.0,2023-11-05,5.0,False
T0106,Emma,Robinson,P009,27,2022-08-06,2023-08-01,2280.0,4560.0,2022-08-06,3.0,False
T0107,Brenda,Lee,P029,8,2022-01-12,2023-01-07,3100.0,6200.0,2022-01-12,4.2,False
T0108,Kenneth,Lee,P022,49,2022-09-22,2023-09-17,3200.0,3200.0,2022-09-22,4.6,False
T0109,Angela,Garcia,P038,48,2024-02-21,2024-08-19,2620.0,2620.0,2024-02-21,3.2,False
T0110,Ashley,Davis,P031,4,2022-11-30,2023-11-25,2870.0,4305.0,2022-11-30,3.4,False
T0111,Cynthia,Nelson,P028,33,2024-06-04,2025-05-30,2050.0,2050.0,2024-06-04,4.1,False
T0112,Gary,Moore,P037,105,2024-11-15,2025-11-10,2820.0,5640.0,2024-11-15,4.7,False
T0113,Anna,Green,P012,9,2022-07-04,2023-06-29,2300.0,3450.0,2022-07-04,4.2,False
T0114,Ashley,Young,P012,26,2024-11-17,2025-11-12,1160.0,2320.0,2024-11-17,4.3,False
T0115,Emma,Martin,P040,190,2022-06-21,2023-06-16,2370.0,2370.0,2022-06-21,3.0,False
T0116,Robert,Scott,P018,94,2023-09-08,2024-09-02,3160.0,3160.0,2023-09-08,3.5,False
T0117,Pamela,Nelson,P014,49,2024-11-17,2025-05-16,3010.0,6020.0,2024-11-17,3.7,False
T0118,Eric,Johnson,P012,128,2023-06-03,2024-05-28,2230.0,2230.0,2023-06-03,3.0,False
T0119,Shirley,Rivera,P044,22,2024-08-05,2025-07-31,4400.0,6600.0,2024-08-05,2.9,False
T0120,Emily,Wilson,P022,98,2024-07-20,2025-07-15,1660.0,1660.0,2024-07-20,4.9,False
T0121,Timothy,Davis,P035,39,2023-06-16,2023-12-13,2800.0,2800.0,2023-06-16,2.8,False
T0122,Nicholas,Martin,P012,101,2024-09-04,2025-08-30,1340.0,2680.0,2024-09-04,4.9,False
T0123,Dorothy,Smith,P006,27,2024-01-09,2025-01-03,2780.0,2780.0,2024-01-09,3.0,False
T0124,Christopher,Adams,P002,10,2022-02-02,2023-01-28,1200.0,1200.0,2022-02-02,3.3,False
T0125,Gary,Ramirez,P038,55,2023-01-26,2023-07-25,1930.0,1930.0,2023-01-26,3.8,False
T0126,Brenda,Nguyen,P018,40,2022-11-09,2023-11-04,1210.0,1210.0,2022-11-09,3.8,False
T0127,Anna,Clark,P009,65,2024-03-13,2024-09-09,1400.0,2100.0,2024-03-13,3.0,False
T0128,Nicholas,Anderson,P007,88,2023-08-19,2024-02-15,2610.0,5220.0,2023-08-19,3.9,False
T0129,Andrew,Adams,P026,6,2022-02-08,2023-02-03,1090.0,1635.0,2022-02-08,4.0,False
T0130,Brenda,Hall,P031,81,2022-08-28,2023-08-23,2950.0,4425.0,2022-08-28,4.2,False
T0131,Eric,Anderson,P002,90,2023-08-13,2024-08-07,1000.0,2000.0,2023-08-13,3.8,False
T0132,Pamela,Rodriguez,P018,66,2023-11-26,2025-11-15,3000.0,4500.0,2023-11-26,4.4,False
T0133,Edward,Walker,P025,33,2024-03-10,2025-03-05,2580.0,2580.0,2024-03-10,4.3,False
T0134,Donna,Hernandez,P040,146,2023-08-02,2024-01-29,2350.0,4700.0,2023-08-02,3.1,False
T0135,Robert,Johnson,P007,158,2024-05-01,2025-04-26,2060.0,3090.0,2024-05-01,3.3,False
T0136,Eric,Williams,P005,105,2024-01-02,2024-12-27,2930.0,2930.0,2024-01-02,4.7,False
T0137,Nicholas,Taylor,P014,125,2022-08-22,2024-08-11,1710.0,2565.0,2022-08-22,4.0,False
T0138,Helen,Hill,P016,100,2022-04-06,2024-03-26,2720.0,5440.0,2022-04-06,3.1,False
T0139,Thomas,Miller,P020,59,2022-04-14,2023-04-09,1180.0,2360.0,2022-04-14,4.9,False
T0140,Sandra,Wilson,P006,12,2022-07-28,2024-07-17,2320.0,3480.0,2022-07-28,1.9,True
T0141,Joseph,Martinez,P014,83,2023-08-22,2024-08-16,1300.0,2600.0,2023-08-22,3.9,False
T0142,Shirley,Roberts,P024,5,2022-10-10,2023-04-08,2800.0,2800.0,2022-10-10,3.8,False
T0143,Andrew,White,P050,77,2024-08-28,2025-08-23,1500.0,3000.0,2024-08-28,2.1,True
T0144,Shirley,Anderson,P003,35,2024-01-09,2025-01-03,2650.0,2650.0,2024-01-09,4.5,False
T0145,Jonathan,Baker,P012,126,2024-04-26,2025-04-21,2750.0,4125.0,2024-04-26,4.9,False
T0146,William,Garcia,P025,58,2024-06-25,2025-06-20,3070.0,4605.0,2024-06-25,3.9,False
T0147,Ashley,Torres,P014,150,2022-12-03,2023-11-28,1660.0,1660.0,2022-12-03,4.2,True
T0148,George,Campbell,P050,63,2024-11-30,2025-11-25,3150.0,6300.0,2024-11-30,4.7,False
T0149,Christopher,Hall,P016,118,2023-12-06,2024-06-03,1660.0,2490.0,2023-12-06,4.8,False
T0150,Ryan,Hall,P027,13,2023-02-25,2025-02-14,3100.0,4650.0,2023-02-25,4.2,False
T0151,Stephen,Perez,P021,18,2024-04-08,2025-04-03,2950.0,4425.0,2024-04-08,3.0,False
T0152,Nancy,Allen,P032,24,2022-09-16,2024-09-05,2580.0,5160.0,2022-09-16,3.4,False
T0153,Katherine,Nguyen,P047,50,2023-11-29,2024-11-23,1650.0,2475.0,2023-11-29,4.6,True
T0154,Lisa,White,P040,55,2023-09-15,2024-09-09,1490.0,2235.0,2023-09-15,3.0,False
T0155,Sandra,Lewis,P028,10,2023-12-27,2024-06-24,2360.0,3540.0,2023-12-27,3.8,True
T0156,Stephen,Hill,P039,3,2022-01-11,2023-01-06,7700.0,7700.0,2022-01-11,3.3,False
T0157,Amanda,Miller,P029,102,2023-08-06,2025-07-26,1740.0,2610.0,2023-08-06,3.9,False
T0158,Jeffrey,Clark,P007,55,2023-01-30,2024-01-25,2110.0,2110.0,2023-01-30,3.1,False
T0159,Kathleen,Baker,P014,34,2024-05-20,2025-05-15,1160.0,2320.0,2024-05-20,3.8,False
T0160,Jeffrey,Lewis,P024,13,2024-11-28,2025-11-23,2900.0,5800.0,2024-11-28,4.1,False
T0161,Charles,Young,P046,17,2024-09-29,2025-09-24,3040.0,6080.0,2024-09-29,3.1,False
T0162,Gary,Williams,P002,126,2024-11-17,2026-11-07,1980.0,3960.0,2024-11-17,3.3,False
T0163,Sandra,White,P029,14,2024-01-27,2024-07-25,1300.0,2600.0,2024-01-27,3.7,False
T0164,George,Jackson,P048,16,2022-11-10,2023-05-09,1600.0,2400.0,2022-11-10,5.0,False
T0165,Rebecca,Jackson,P032,26,2022-10-20,2023-10-15,1010.0,1010.0,2022-10-20,3.7,False
T0166,Jennifer,Clark,P021,26,2024-09-28,2025-03-27,1360.0,2040.0,2024-09-28,3.6,False
T0167,Charles,Carter,P012,160,2024-07-15,2025-07-10,2240.0,2240.0,2024-07-15,4.4,False
T0168,Nancy,Flores,P031,16,2024-08-01,2025-07-27,2090.0,4180.0,2024-08-01,4.4,False
T0169,Jennifer,Nelson,P029,49,2024-03-04,2025-02-27,2350.0,3525.0,2024-03-04,3.5,False
T0170,Rebecca,Scott,P003,23,2022-07-01,2023-06-26,2610.0,5220.0,2022-07-01,4.1,False
T0171,Robert,Torres,P032,21,2022-06-24,2023-06-19,1230.0,2460.0,2022-06-24,4.0,False
T0172,Stephen,Lopez,P033,36,2024-09-01,2026-08-22,2000.0,2000.0,2024-09-01,3.1,False
T0173,Ryan,Garcia,P042,36,2023-02-26,2024-02-21,2400.0,4800.0,2023-02-26,4.6,False
T0174,David,Perez,P035,12,2024-04-02,2026-03-23,8100.0,12150.0,2024-04-02,4.5,True
T0175,Thomas,Miller,P031,69,2022-02-19,2024-02-09,1360.0,2720.0,2022-02-19,3.4,False
T0176,Rebecca,Clark,P040,81,2022-10-22,2023-10-17,1330.0,2660.0,2022-10-22,3.0,False
T0177,Amy,Miller,P018,77,2023-10-29,2024-10-23,1330.0,1995.0,2023-10-29,1.7,True
T0178,Sandra,Brown,P021,77,2023-10-26,2024-10-20,1270.0,1270.0,2023-10-26,4.6,False
T0179,Thomas,Moore,P029,59,2023-04-30,2024-04-24,1490.0,1490.0,2023-04-30,3.9,False
T0180,Carol,Johnson,P011,3,2024-04-13,2024-10-10,5200.0,7800.0,2024-04-13,3.7,False
T0181,Charles,Martin,P009,16,2022-07-27,2023-07-22,2200.0,4400.0,2022-07-27,4.2,False
T0182,Kathleen,Wright,P031,42,2022-06-21,2024-06-10,1870.0,1870.0,2022-06-21,4.9,False
T0183,Pamela,Flores,P005,28,2024-05-17,2026-05-07,2710.0,4065.0,2024-05-17,2.8,False
T0184,Andrew,Hill,P012,70,2022-12-09,2023-06-07,2420.0,3630.0,2022-12-09,4.7,True
T0185,Helen,Jackson,P014,78,2024-02-18,2025-02-12,2840.0,2840.0,2024-02-18,3.3,False
T0186,Dorothy,Campbell,P031,75,2022-05-24,2023-05-19,1310.0,2620.0,2022-05-24,4.3,False
T0187,Joshua,Baker,P043,9,2024-06-03,2025-05-29,12000.0,18000.0,2024-06-03,4.9,False
T0188,Sharon,Wilson,P028,161,2024-07-16,2025-07-11,2380.0,3570.0,2024-07-16,4.9,True
T0189,James,Hill,P032,133,2023-11-04,2024-05-02,3110.0,4665.0,2023-11-04,3.1,False
T0190,Nicholas,Carter,P040,161,2022-01-20,2023-01-15,960.0,1440.0,2022-01-20,4.8,False
T0191,Ryan,Baker,P022,59,2022-06-08,2024-05-28,2160.0,2160.0,2022-06-08,4.4,True
T0192,Maria,Davis,P032,136,2024-02-10,2026-01-30,1740.0,2610.0,2024-02-10,3.2,False
T0193,Deborah,Baker,P002,1,2023-01-31,2024-01-26,1780.0,3560.0,2023-01-31,4.1,True
T0194,Donald,Anderson,P003,16,2022-07-04,2024-06-23,1760.0,2640.0,2022-07-04,4.6,False
T0195,Mark,Smith,P028,57,2022-03-17,2023-03-12,3130.0,3130.0,2022-03-17,4.3,False
T0196,Nicole,Hernandez,P018,36,2024-03-22,2024-09-18,3160.0,6320.0,2024-03-22,4.1,False
T0197,Charles,Taylor,P050,24,2022-12-26,2023-06-24,1390.0,2780.0,2022-12-26,4.4,False
T0198,Stephen,Flores,P027,8,2023-07-16,2024-07-10,4900.0,7350.0,2023-07-16,2.9,False
T0199,Robert,Lee,P040,101,2024-07-18,2025-01-14,2480.0,3720.0,2024-07-18,4.2,False
T0200,Nicole,White,P014,38,2024-04-13,2025-04-08,2850.0,5700.0,2024-04-13,3.9,False
T0201,Brenda,Lee,P007,71,2023-04-05,2023-10-02,2660.0,2660.0,2023-04-05,3.7,False
T0202,Donald,Hall,P005,1,2023-11-17,2024-05-15,1830.0,2745.0,2023-11-17,4.6,False
T0203,Joseph,Johnson,P032,113,2023-05-27,2024-05-21,3100.0,4650.0,2023-05-27,3.5,False
T0204,Steven,Thomas,P043,34,2022-02-19,2024-02-09,6300.0,6300.0,2022-02-19,4.9,False
T0205,Paul,Jones,P023,37,2023-11-29,2024-05-27,6700.0,13400.0,2023-11-29,3.9,False
T0206,Lisa,Williams,P040,38,2022-07-15,2023-07-10,2340.0,3510.0,2022-07-15,3.0,False
T0207,Lisa,Martin,P033,13,2022-05-14,2023-05-09,2500.0,5000.0,2022-05-14,4.3,True
T0208,Stephanie,Harris,P040,14,2022-05-15,2022-11-11,2360.0,3540.0,2022-05-15,4.0,False
T0209,Maria,Robinson,P010,47,2024-04-21,2025-04-16,1170.0,1755.0,2024-04-21,4.5,False
T0210,Sarah,Robinson,P024,28,2024-05-26,2026-05-16,3200.0,6400.0,2024-05-26,3.5,False
T0211,William,Nguyen,P002,99,2023-01-30,2023-07-29,1690.0,1690.0,2023-01-30,4.1,False
T0212,Ryan,Lopez,P028,94,2022-09-16,2024-09-05,2980.0,2980.0,2022-09-16,3.7,False
T0213,Helen,Adams,P012,113,2022-04-01,2022-09-28,1260.0,1890.0,2022-04-01,4.1,False
T0214,Stephanie,White,P022,122,2022-10-26,2023-10-21,1650.0,1650.0,2022-10-26,4.1,False
T0215,Robert,Ramirez,P025,53,2022-10-24,2023-04-22,2110.0,3165.0,2022-10-24,4.6,False
T0216,Gary,Hall,P009,21,2023-02-15,2024-02-10,1390.0,2780.0,2023-02-15,3.6,False
T0217,George,Clark,P029,145,2023-11-10,2025-10-30,3160.0,4740.0,2023-11-10,3.5,False
T0218,Donald,Hall,P010,43,2024-07-19,2025-01-15,1320.0,1320.0,2024-07-19,4.8,False
T0219,Kevin,Mitchell,P032,110,2023-03-13,2024-03-07,2000.0,3000.0,2023-03-13,4.5,False
T0220,Sarah,Scott,P012,49,2023-01-13,2023-07-12,1410.0,1410.0,2023-01-13,3.0,False
T0221,Sarah,Gonzalez,P040,180,2024-06-20,2025-06-15,1270.0,1270.0,2024-06-20,3.6,False
T0222,Amanda,Lopez,P014,118,2023-03-25,2024-03-19,1590.0,1590.0,2023-03-25,3.5,False
T0223,Ronald,Adams,P012,72,2023-06-21,2023-12-18,1000.0,1000.0,2023-06-21,3.9,True
T0224,Kathleen,Nelson,P004,1,2023-03-07,2024-03-01,1710.0,1710.0,2023-03-07,3.6,False
T0225,Charles,Gonzalez,P022,29,2024-06-07,2024-12-04,3070.0,3070.0,2024-06-07,4.7,False
T0226,Amanda,Williams,P049,4,2024-02-06,2025-01-31,2150.0,4300.0,2024-02-06,4.9,False
T0227,Deborah,Rodriguez,P014,136,2023-08-26,2024-08-20,2270.0,4540.0,2023-08-26,2.9,False
T0228,William,Hernandez,P038,116,2024-09-28,2025-09-23,3130.0,6260.0,2024-09-28,4.5,False
T0229,Laura,Rivera,P028,130,2024-11-08,2025-11-03,1820.0,2730.0,2024-11-08,3.8,False
T0230,Michael,Wilson,P049,26,2024-09-16,2025-09-11,2130.0,2130.0,2024-09-16,4.1,False
T0231,Ronald,Torres,P025,7,2024-07-14,2025-07-09,2960.0,2960.0,2024-07-14,2.6,True
T0232,Richard,Jackson,P050,41,2024-02-06,2025-01-31,3050.0,4575.0,2024-02-06,3.1,False
T0233,Sharon,Ramirez,P040,164,2023-04-17,2025-04-06,2120.0,3180.0,2023-04-17,3.3,True
T0234,Ronald,Johnson,P005,90,2024-04-17,2025-04-12,2000.0,2000.0,2024-04-17,3.5,False
T0235,Eric,Allen,P009,90,2023-06-28,2023-12-25,1940.0,3880.0,2023-06-28,3.0,False
T0236,Michael,Wright,P012,16,2023-07-21,2024-07-15,2400.0,2400.0,2023-07-21,3.0,False
T0237,Deborah,Gonzalez,P029,108,2023-11-06,2024-10-31,1700.0,3400.0,2023-11-06,4.6,False
T0238,George,Jackson,P038,143,2022-10-10,2024-09-29,2310.0,3465.0,2022-10-10,2.8,False
T0239,Maria,Walker,P028,135,2024-04-07,2025-04-02,2710.0,5420.0,2024-04-07,4.5,False
T0240,Mark,Walker,P022,27,2022-11-02,2023-10-28,2100.0,2100.0,2022-11-02,4.4,False
T0241,Anthony,Ramirez,P028,103,2024-08-17,2025-08-12,2110.0,4220.0,2024-08-17,1.8,True
T0242,Charles,Martin,P032,43,2024-06-17,2025-06-12,1890.0,3780.0,2024-06-17,2.0,True
T0243,Angela,Carter,P046,29,2023-12-28,2024-12-22,970.0,1940.0,2023-12-28,3.7,False
T0244,Dorothy,Martinez,P038,147,2023-10-30,2025-10-19,2160.0,3240.0,2023-10-30,4.2,True
T0245,Stephen,Harris,P005,4,2024-03-11,2025-03-06,2230.0,2230.0,2024-03-11,3.7,False
T0246,George,Garcia,P009,104,2023-11-05,2025-10-25,2020.0,2020.0,2023-11-05,4.2,False
T0247,Sarah,Lopez,P025,22,2022-12-30,2023-06-28,1180.0,1180.0,2022-12-30,4.1,False
T0248,Samantha,Jones,P050,79,2024-03-01,2025-02-24,1110.0,1665.0,2024-03-01,3.4,False
T0249,Jason,Sanchez,P025,38,2024-11-27,2025-05-26,1080.0,1080.0,2024-11-27,4.7,False
T0250,Amy,Wilson,P005,36,2022-09-22,2024-09-11,3180.0,3180.0,2022-09-22,4.4,False
T0251,Daniel,Hill,P030,10,2023-09-27,2024-09-21,10700.0,21400.0,2023-09-27,4.3,False
T0252,Donna,Smith,P028,120,2023-02-20,2025-02-09,3060.0,3060.0,2023-02-20,3.8,False
T0253,Nicholas,Robinson,P013,34,2024-03-28,2026-03-18,1950.0,2925.0,2024-03-28,4.0,False
T0254,Brian,Hall,P007,79,2022-07-06,2023-07-01,2250.0,4500.0,2022-07-06,4.8,False
T0255,Shirley,Thomas,P015,24,2024-03-11,2026-03-01,2730.0,2730.0,2024-03-11,4.7,False
T0256,Joseph,Sanchez,P022,141,2024-06-03,2025-05-29,2970.0,5940.0,2024-06-03,4.2,False
T0257,Stephanie,Nelson,P029,84,2023-05-06,2024-04-30,3080.0,3080.0,2023-05-06,4.2,False
T0258,Sandra,White,P005,12,2023-03-21,2024-03-15,2520.0,2520.0,2023-03-21,4.5,False
T0259,Mark,Allen,P012,150,2024-10-30,2025-10-25,2650.0,2650.0,2024-10-30,3.2,False
T0260,Anthony,Sanchez,P050,17,2022-05-30,2023-05-25,1990.0,1990.0,2022-05-30,4.4,False
T0261,Nicholas,Robinson,P032,82,2022-08-23,2023-08-18,970.0,970.0,2022-08-23,4.4,False
T0262,Daniel,Hernandez,P023,22,2023-05-12,2024-05-06,2800.0,2800.0,2023-05-12,4.6,False
T0263,Kimberly,Jones,P032,103,2022-12-29,2023-12-24,2320.0,4640.0,2022-12-29,4.4,False
T0264,Michael,Baker,P038,112,2023-07-14,2024-07-08,2670.0,5340.0,2023-07-14,3.2,False
T0265,Betty,Harris,P022,139,2022-04-08,2024-03-28,1440.0,2880.0,2022-04-08,4.4,False
T0266,Donna,Thomas,P010,48,2022-04-18,2024-04-07,1640.0,2460.0,2022-04-18,4.2,True
T0267,Maria,Perez,P003,18,2023-02-14,2023-08-13,2990.0,2990.0,2023-02-14,1.6,True
T0268,Kimberly,Campbell,P031,46,2022-05-10,2023-05-05,2480.0,2480.0,2022-05-10,3.0,False
T0269,Anthony,Flores,P032,16,2024-11-15,2025-05-14,1050.0,1050.0,2024-11-15,3.5,False
T0270,Cynthia,Lee,P035,16,2024-03-20,2025-03-15,11300.0,11300.0,2024-03-20,3.3,False
T0271,William,Nelson,P014,30,2023-10-10,2024-04-07,980.0,1470.0,2023-10-10,3.8,False
T0272,George,Roberts,P010,69,2024-01-26,2024-07-24,2410.0,4820.0,2024-01-26,2.3,True
T0273,Kimberly,Taylor,P005,14,2022-07-28,2024-07-17,2070.0,2070.0,2022-07-28,4.8,False
T0274,Joshua,Nelson,P007,10,2024-03-06,2025-03-01,2300.0,3450.0,2024-03-06,4.2,False
T0275,Helen,Green,P045,27,2022-02-06,2024-01-27,1100.0,2200.0,2022-02-06,3.8,False
T0276,Sandra,Martin,P037,150,2022-01-28,2023-01-23,1470.0,1470.0,2022-01-28,4.2,True
T0277,Nicole,Jackson,P040,52,2023-05-14,2025-05-03,2610.0,2610.0,2023-05-14,3.1,False
T0278,Ryan,Mitchell,P037,96,2023-02-23,2023-08-22,1290.0,1935.0,2023-02-23,4.4,False
T0279,Kenneth,Carter,P026,2,2023-10-13,2024-04-10,1250.0,1250.0,2023-10-13,5.0,False
T0280,Amanda,Baker,P028,26,2023-11-10,2024-11-04,1470.0,2940.0,2023-11-10,4.0,False
T0281,James,Jones,P018,4,2024-02-21,2026-02-10,2570.0,3855.0,2024-02-21,3.8,False
T0282,Mark,Rodriguez,P031,59,2023-01-30,2023-07-29,1110.0,1110.0,2023-01-30,3.1,False
T0283,Pamela,Martin,P022,20,2023-02-23,2024-02-18,1340.0,1340.0,2023-02-23,3.7,False
T0284,Kenneth,Torres,P037,71,2023-05-17,2024-05-11,2570.0,3855.0,2023-05-17,3.3,False
T0285,Edward,Sanchez,P021,97,2023-02-17,2024-02-12,3130.0,4695.0,2023-02-17,3.9,False
T0286,Ashley,Walker,P018,64,2024-06-22,2025-06-17,1330.0,1330.0,2024-06-22,4.1,True
T0287,Stephen,Martinez,P003,58,2024-05-25,2024-11-21,2660.0,5320.0,2024-05-25,4.8,False
T0288,Ronald,Scott,P025,61,2023-06-11,2024-06-05,2580.0,5160.0,2023-06-11,3.8,False
T0289,Anthony,Smith,P041,1,2023-11-14,2024-11-08,6800.0,6800.0,2023-11-14,3.2,False
T0290,Timothy,Mitchell,P005,102,2024-02-06,2025-01-31,2890.0,4335.0,2024-02-06,3.7,False
T0291,Sandra,Harris,P038,40,2023-09-23,2025-09-12,1810.0,3620.0,2023-09-23,4.7,False
T0292,Nicholas,Green,P015,19,2024-06-12,2025-06-07,1320.0,2640.0,2024-06-12,3.6,False
T0293,Amanda,Walker,P031,129,2022-04-29,2023-04-24,1780.0,1780.0,2022-04-29,4.4,False
T0294,Melissa,Hill,P034,11,2024-01-11,2024-07-09,3020.0,4530.0,2024-01-11,4.2,False
T0295,Daniel,Smith,P043,29,2022-10-29,2023-10-24,11400.0,11400.0,2022-10-29,4.1,False
T0296,Richard,King,P049,46,2024-02-27,2025-02-21,2680.0,2680.0,2024-02-27,4.9,False
T0297,Stephen,Nelson,P007,153,2022-12-06,2023-12-01,2920.0,4380.0,2022-12-06,3.5,False
T0298,Brian,Martinez,P031,119,2024-04-22,2024-10-19,2270.0,3405.0,2024-04-22,4.1,False
T0299,Nicholas,Smith,P012,11,2024-03-26,2025-03-21,2630.0,2630.0,2024-03-26,2.1,True
T0300,Anna,Hernandez,P002,97,2024-05-05,2026-04-25,1110.0,1110.0,2024-05-05,3.4,False
T0301,Thomas,Lewis,P040,174,2022-10-03,2023-09-28,1790.0,3580.0,2022-10-03,3.9,False
T0302,Anthony,Taylor,P002,116,2023-01-16,2024-01-11,2780.0,4170.0,2023-01-16,2.1,True
T0303,Sandra,Moore,P044,3,2022-08-12,2023-08-07,3100.0,3100.0,2022-08-12,3.0,False
T0304,Maria,Brown,P002,111,2023-04-26,2024-04-20,1720.0,2580.0,2023-04-26,4.5,False
T0305,Michelle,King,P029,55,2022-01-15,2024-01-05,2640.0,2640.0,2022-01-15,2.9,False
T0306,Sharon,Hill,P049,40,2024-12-01,2025-11-26,1800.0,2700.0,2024-12-01,3.8,False
T0307,Angela,Harris,P014,69,2023-12-04,2024-11-28,1710.0,3420.0,2023-12-04,4.9,False
T0308,Angela,Campbell,P014,80,2023-12-31,2024-12-25,1080.0,1080.0,2023-12-31,2.8,False
T0309,Amanda,White,P038,90,2022-09-09,2024-08-29,1010.0,1515.0,2022-09-09,4.3,False
T0310,Laura,Johnson,P016,86,2024-08-31,2026-08-21,2340.0,4680.0,2024-08-31,3.2,False
T0311,Nicholas,Sanchez,P031,34,2022-04-04,2023-03-30,1760.0,3520.0,2022-04-04,3.3,False
T0312,Gary,Nelson,P019,20,2022-06-16,2023-06-11,2330.0,4660.0,2022-06-16,4.8,False
T0313,Jonathan,Torres,P012,118,2024-02-28,2025-02-22,2990.0,5980.0,2024-02-28,4.4,False
T0314,Pamela,Hernandez,P032,47,2022-09-19,2023-09-14,2090.0,3135.0,2022-09-19,3.5,False
T0315,Nancy,Miller,P047,52,2024-09-14,2026-09-04,3100.0,4650.0,2024-09-14,3.3,False
T0316,Amy,Roberts,P038,42,2022-03-01,2023-02-24,3190.0,4785.0,2022-03-01,3.5,False
T0317,Dorothy,Wright,P040,147,2023-06-12,2024-06-06,1450.0,2900.0,2023-06-12,4.3,False
T0318,William,Adams,P028,45,2022-07-05,2023-06-30,2580.0,3870.0,2022-07-05,4.8,False
T0319,Carol,Anderson,P005,24,2024-02-21,2026-02-10,1800.0,2700.0,2024-02-21,3.8,False
T0320,Anthony,Mitchell,P036,6,2022-06-29,2022-12-26,3200.0,3200.0,2022-06-29,4.4,False
T0321,James,Martin,P048,40,2022-09-18,2023-09-13,2240.0,2240.0,2022-09-18,4.1,False
T0322,Edward,Baker,P006,8,2023-01-24,2024-01-19,2280.0,2280.0,2023-01-24,3.5,False
T0323,Jacob,Lee,P014,31,2023-03-31,2023-09-27,2120.0,2120.0,2023-03-31,4.0,False
T0324,Kenneth,Martinez,P039,18,2023-08-31,2024-08-25,10200.0,20400.0,2023-08-31,3.8,False
T0325,Sandra,Moore,P010,26,2022-03-12,2024-03-01,2450.0,4900.0,2022-03-12,3.9,False
T0326,Lisa,Perez,P006,6,2023-03-18,2024-03-12,2240.0,2240.0,2023-03-18,4.9,False
T0327,Matthew,Young,P005,8,2023-03-08,2024-03-02,2810.0,5620.0,2023-03-08,2.9,False
T0328,Gary,Thompson,P031,14,2022-11-23,2023-05-22,1830.0,2745.0,2022-11-23,3.5,False
T0329,Timothy,Miller,P031,133,2023-08-03,2024-07-28,1830.0,1830.0,2023-08-03,3.2,False
T0330,Dorothy,Lewis,P016,101,2022-04-21,2023-04-16,1680.0,3360.0,2022-04-21,3.2,False
T0331,Maria,White,P036,7,2022-10-24,2023-10-19,6800.0,13600.0,2022-10-24,4.4,False
T0332,Kimberly,Brown,P029,76,2022-07-28,2023-07-23,2880.0,2880.0,2022-07-28,5.0,False
T0333,Sharon,Nguyen,P014,153,2024-08-28,2025-08-23,1750.0,2625.0,2024-08-28,3.9,False
T0334,Nicholas,Martin,P018,49,2024-04-07,2025-04-02,3130.0,6260.0,2024-04-07,2.3,True
T0335,Nancy,Roberts,P031,124,2022-12-20,2023-12-15,2290.0,3435.0,2022-12-20,5.0,False
T0336,Maria,Davis,P006,14,2024-02-22,2025-02-16,2900.0,2900.0,2024-02-22,3.8,False
T0337,Emma,Moore,P032,86,2024-09-28,2026-09-18,1140.0,2280.0,2024-09-28,4.1,False
T0338,Anna,Martin,P033,39,2023-01-06,2024-01-01,4400.0,8800.0,2023-01-06,4.2,False
T0339,Stephen,Lopez,P012,33,2023-10-29,2024-04-26,1230.0,1845.0,2023-10-29,4.7,False
T0340,Samantha,Young,P014,97,2022-02-10,2023-02-05,2780.0,2780.0,2022-02-10,4.0,False
T0341,Emily,Hill,P040,158,2022-09-12,2023-09-07,2120.0,4240.0,2022-09-12,4.8,False
T0342,Mark,Adams,P037,78,2024-07-04,2025-06-29,1350.0,1350.0,2024-07-04,2.0,True
T0343,George,White,P049,11,2023-06-10,2023-12-07,1150.0,2300.0,2023-06-10,3.1,False
T0344,Jonathan,Jackson,P039,36,2022-01-01,2022-12-27,3700.0,7400.0,2022-01-01,4.9,False
T0345,Cynthia,Hill,P022,113,2022-10-14,2024-10-03,2150.0,4300.0,2022-10-14,3.5,False
T0346,George,Wilson,P028,25,2022-07-22,2023-01-18,2100.0,2100.0,2022-07-22,3.2,False
T0347,Jeffrey,Jones,P043,6,2023-03-19,2025-03-08,8000.0,16000.0,2023-03-19,3.1,False
T0348,Steven,Baker,P045,69,2024-02-21,2025-02-15,1520.0,2280.0,2024-02-21,3.0,False
T0349,Andrew,Green,P009,92,2022-10-21,2024-10-10,3070.0,6140.0,2022-10-21,4.2,False
T0350,Daniel,Clark,P028,18,2024-02-02,2026-01-22,2400.0,2400.0,2024-02-02,4.6,False
T0351,Karen,Moore,P008,8,2024-06-07,2025-06-02,5200.0,5200.0,2024-06-07,3.6,True
T0352,Kevin,Roberts,P012,1,2024-04-13,2024-10-10,2150.0,3225.0,2024-04-13,3.0,False
T0353,Donald,Harris,P022,12,2023-04-08,2024-04-02,1280.0,1280.0,2023-04-08,2.8,True
T0354,Nicholas,Miller,P014,4,2022-09-10,2023-09-05,2710.0,5420.0,2022-09-10,4.7,False
T0355,Robert,Hernandez,P013,29,2023-08-01,2025-07-21,1740.0,2610.0,2023-08-01,1.8,True
T0356,Stephen,Scott,P030,8,2024-03-08,2025-03-03,11500.0,23000.0,2024-03-08,4.4,False
T0357,Helen,Rivera,P037,131,2024-04-04,2025-03-30,2930.0,2930.0,2024-04-04,3.4,False
T0358,Kathleen,Rivera,P043,30,2022-10-20,2023-10-15,8600.0,8600.0,2022-10-20,3.4,False
T0359,Pamela,Allen,P002,93,2024-05-06,2025-05-01,2480.0,3720.0,2024-05-06,5.0,False
T0360,Carol,Martin,P002,115,2024-05-26,2026-05-16,1570.0,3140.0,2024-05-26,4.7,False
T0361,Richard,Jones,P037,87,2023-09-18,2024-09-12,2880.0,5760.0,2023-09-18,4.7,False
T0362,Kenneth,Scott,P001,3,2022-07-11,2023-07-06,4400.0,6600.0,2022-07-11,3.0,False
T0363,Dorothy,Walker,P004,11,2022-01-22,2023-01-17,2770.0,4155.0,2022-01-22,4.9,False
T0364,James,Rivera,P037,143,2022-09-13,2023-09-08,2110.0,3165.0,2022-09-13,2.2,True
T0365,Samantha,Baker,P010,57,2023-12-08,2024-12-02,2530.0,5060.0,2023-12-08,4.3,False
T0366,Donald,Lopez,P021,12,2024-07-07,2025-07-02,1050.0,1050.0,2024-07-07,4.0,False
T0367,Nicole,Harris,P032,116,2022-10-01,2024-09-20,1780.0,1780.0,2022-10-01,2.9,False
T0368,Katherine,Roberts,P010,41,2022-08-20,2023-08-15,1790.0,1790.0,2022-08-20,3.3,False
T0369,Timothy,Wilson,P005,31,2024-09-16,2025-09-11,1600.0,2400.0,2024-09-16,2.8,False
T0370,Nicholas,Brown,P032,52,2024-11-21,2025-05-20,3040.0,4560.0,2024-11-21,4.8,False
T0371,Brian,Campbell,P010,5,2024-07-31,2025-07-26,960.0,960.0,2024-07-31,1.9,True
T0372,Samantha,Allen,P014,114,2022-01-19,2022-07-18,1850.0,1850.0,2022-01-19,3.2,False
T0373,Donald,Walker,P009,19,2024-09-25,2025-03-24,1870.0,2805.0,2024-09-25,4.2,False
T0374,Andrew,Miller,P007,24,2024-01-17,2025-01-11,1790.0,2685.0,2024-01-17,4.0,False
T0375,James,Thompson,P012,61,2024-06-18,2025-06-13,2430.0,4860.0,2024-06-18,4.1,True
T0376,Kevin,Williams,P020,28,2023-01-24,2024-01-19,1400.0,1400.0,2023-01-24,2.9,True
T0377,Nicole,Baker,P012,68,2024-09-08,2025-09-03,2450.0,4900.0,2024-09-08,3.9,False
T0378,Amy,Rodriguez,P037,20,2024-03-29,2026-03-19,1240.0,1240.0,2024-03-29,4.4,False
T0379,Paul,Brown,P050,28,2022-02-13,2023-02-08,3100.0,6200.0,2022-02-13,3.9,False
T0380,Stephanie,Jackson,P033,20,2024-05-29,2026-05-19,4800.0,7200.0,2024-05-29,3.8,False
T0381,Emily,Thomas,P016,28,2024-05-28,2025-05-23,1140.0,1710.0,2024-05-28,4.4,False
T0382,Gary,Rivera,P021,51,2023-06-24,2024-06-18,2680.0,2680.0,2023-06-24,3.7,False
T0383,Ashley,Anderson,P040,139,2024-10-25,2026-10-15,2530.0,2530.0,2024-10-25,5.0,False
T0384,Jeffrey,Johnson,P040,15,2022-03-20,2023-03-15,1250.0,2500.0,2022-03-20,4.8,False
T0385,Carol,Anderson,P007,155,2022-04-15,2023-04-10,1400.0,2100.0,2022-04-15,3.5,False
T0386,Thomas,Moore,P028,87,2022-05-06,2024-04-25,1910.0,2865.0,2022-05-06,2.9,False
T0387,Emily,Williams,P037,18,2023-12-20,2024-12-14,1580.0,1580.0,2023-12-20,4.8,False
T0388,Joseph,Ramirez,P031,126,2023-10-21,2024-10-15,1070.0,1070.0,2023-10-21,3.4,False
T0389,Maria,Baker,P022,104,2024-10-03,2025-09-28,1520.0,3040.0,2024-10-03,3.0,False
T0390,Samantha,Hill,P021,48,2022-09-24,2023-09-19,2680.0,4020.0,2022-09-24,4.6,False
T0391,Betty,Rodriguez,P045,59,2023-07-20,2024-07-14,1490.0,2980.0,2023-07-20,3.0,False
T0392,Anthony,Gonzalez,P014,74,2022-09-04,2023-03-03,2620.0,5240.0,2022-09-04,4.8,False
T0393,George,Campbell,P012,7,2022-07-22,2023-01-18,1950.0,2925.0,2022-07-22,4.2,False
T0394,Anthony,Clark,P037,141,2023-02-18,2025-02-07,3180.0,6360.0,2023-02-18,2.9,False
T0395,Anna,Jones,P021,110,2023-12-13,2024-12-07,2550.0,3825.0,2023-12-13,4.4,False
T0396,Charles,Jackson,P032,64,2024-10-28,2025-04-26,1890.0,1890.0,2024-10-28,3.4,False
T0397,Stephen,Allen,P037,66,2022-05-05,2023-04-30,3100.0,3100.0,2022-05-05,3.7,False
T0398,Andrew,Wilson,P002,36,2024-11-09,2025-11-04,1320.0,1320.0,2024-11-09,3.7,False
T0399,Helen,Robinson,P031,45,2023-03-23,2025-03-12,960.0,1920.0,2023-03-23,4.7,False
T0400,Andrew,Scott,P022,95,2023-06-15,2024-06-09,2540.0,2540.0,2023-06-15,3.5,False
T0401,Christopher,Moore,P028,117,2022-04-04,2024-03-24,1330.0,1330.0,2022-04-04,2.9,False
T0402,Thomas,Smith,P032,56,2022-04-16,2023-04-11,1560.0,3120.0,2022-04-16,3.3,False
T0403,Melissa,Campbell,P012,110,2024-01-26,2025-01-20,1730.0,1730.0,2024-01-26,4.4,False
T0404,Maria,Thompson,P029,3,2023-08-27,2024-08-21,1870.0,1870.0,2023-08-27,4.2,False
T0405,Betty,Campbell,P007,107,2023-07-27,2024-07-21,2590.0,5180.0,2023-07-27,2.8,False
T0406,Donald,Lee,P040,75,2023-06-12,2025-06-01,2500.0,3750.0,2023-06-12,4.4,True
T0407,Anna,White,P002,63,2024-03-20,2025-03-15,1410.0,1410.0,2024-03-20,4.4,False
T0408,Matthew,Gonzalez,P037,135,2022-07-11,2023-07-06,2980.0,5960.0,2022-07-11,3.2,False
T0409,Matthew,Sanchez,P018,21,2023-01-05,2023-12-31,2050.0,4100.0,2023-01-05,2.1,True
T0410,Angela,Miller,P039,19,2022-05-23,2023-05-18,8100.0,16200.0,2022-05-23,3.3,False
T0411,Thomas,Smith,P040,177,2022-01-25,2024-01-15,2140.0,4280.0,2022-01-25,3.6,False
T0412,Maria,Smith,P010,73,2022-09-28,2023-09-23,3050.0,3050.0,2022-09-28,3.4,False
T0413,Ryan,Hernandez,P009,49,2023-11-25,2024-05-23,2170.0,3255.0,2023-11-25,3.9,False
T0414,Katherine,Davis,P018,68,2022-11-13,2023-11-08,1700.0,1700.0,2022-11-13,3.9,True
T0415,Shirley,Martinez,P028,46,2022-07-30,2024-07-19,2810.0,2810.0,2022-07-30,3.9,False
T0416,Kenneth,Anderson,P007,165,2022-02-19,2023-02-14,3000.0,6000.0,2022-02-19,3.1,False
T0417,Betty,Jackson,P004,9,2022-08-19,2023-08-14,1820.0,2730.0,2022-08-19,3.0,False
T0418,Richard,Williams,P007,26,2023-11-15,2024-05-13,1120.0,2240.0,2023-11-15,4.8,False
T0419,Jeffrey,Martinez,P047,32,2024-05-27,2026-05-17,1290.0,2580.0,2024-05-27,3.2,False
T0420,Nicole,Nelson,P012,134,2023-08-11,2024-08-05,2500.0,3750.0,2023-08-11,3.4,False
T0421,Christopher,Lee,P012,81,2022-06-06,2022-12-03,3050.0,3050.0,2022-06-06,5.0,False
T0422,Deborah,Martinez,P016,34,2024-09-06,2025-03-05,1830.0,1830.0,2024-09-06,3.7,False
T0423,Nicole,Ramirez,P020,40,2022-09-19,2023-09-14,1680.0,2520.0,2022-09-19,3.6,False
T0424,Amanda,Harris,P040,166,2024-04-27,2026-04-17,2510.0,3765.0,2024-04-27,3.5,False
T0425,Richard,Nguyen,P016,114,2024-10-05,2026-09-25,2190.0,4380.0,2024-10-05,3.3,False
T0426,David,White,P016,10,2023-03-26,2023-09-22,1900.0,3800.0,2023-03-26,2.8,False
T0427,Dorothy,Jackson,P018,63,2022-10-01,2023-03-30,2020.0,3030.0,2022-10-01,2.7,True
T0428,Dorothy,Davis,P038,80,2024-05-12,2025-05-07,1270.0,2540.0,2024-05-12,3.3,False
T0429,Robert,Hall,P032,76,2024-02-13,2024-08-11,2530.0,2530.0,2024-02-13,3.7,False
T0430,Sarah,Martinez,P016,69,2022-06-01,2023-05-27,2440.0,3660.0,2022-06-01,4.7,False
T0431,Shirley,Martinez,P003,31,2023-05-17,2023-11-13,1270.0,1270.0,2023-05-17,4.4,True
T0432,Jason,Campbell,P023,32,2022-10-14,2024-10-03,6700.0,10050.0,2022-10-14,3.5,False
T0433,Michael,Hill,P038,60,2022-01-28,2023-01-23,1950.0,1950.0,2022-01-28,2.9,False
T0434,Jacob,Scott,P016,25,2022-01-23,2023-01-18,2080.0,4160.0,2022-01-23,4.3,False
T0435,Daniel,Moore,P014,6,2024-10-24,2025-10-19,2820.0,2820.0,2024-10-24,3.7,False
T0436,Timothy,Lopez,P032,29,2022-09-14,2023-09-09,2120.0,4240.0,2022-09-14,2.9,False
T0437,Angela,Harris,P043,1,2022-06-08,2023-06-03,11800.0,11800.0,2022-06-08,4.2,False
T0438,Karen,White,P014,44,2024-01-31,2025-01-25,1070.0,2140.0,2024-01-31,3.0,False
T0439,Betty,Jones,P007,134,2023-11-19,2024-05-17,2700.0,2700.0,2023-11-19,3.2,False
T0440,Michael,Thomas,P012,50,2023-09-26,2024-09-20,2290.0,3435.0,2023-09-26,4.2,False
T0441,Robert,Lee,P032,70,2022-04-02,2024-03-22,1140.0,1140.0,2022-04-02,3.9,False
T0442,Eric,Gonzalez,P012,119,2022-01-18,2023-01-13,3070.0,4605.0,2022-01-18,4.9,False
T0443,Jason,Mitchell,P007,147,2023-12-30,2024-12-24,2640.0,5280.0,2023-12-30,3.0,False
T0444,Michael,Jackson,P048,19,2022-11-04,2023-05-03,1180.0,1180.0,2022-11-04,3.6,False
T0445,Carol,Wilson,P027,9,2024-08-06,2025-02-02,1900.0,3800.0,2024-08-06,3.0,False
T0446,Jonathan,Roberts,P022,109,2022-11-26,2024-11-15,2420.0,3630.0,2022-11-26,4.4,False
T0447,Anna,Williams,P009,20,2022-09-26,2023-09-21,1960.0,3920.0,2022-09-26,4.2,False
T0448,Karen,Martinez,P040,149,2024-03-04,2025-02-27,2690.0,5380.0,2024-03-04,4.1,False
T0449,Rebecca,Scott,P028,63,2024-10-15,2025-04-13,2360.0,2360.0,2024-10-15,3.1,False
T0450,William,Moore,P029,168,2024-07-20,2025-07-15,2070.0,4140.0,2024-07-20,2.5,True
T0451,Melissa,Walker,P005,80,2022-07-02,2022-12-29,1770.0,2655.0,2022-07-02,4.5,False
T0452,Edward,Jackson,P040,27,2024-06-24,2025-06-19,2670.0,4005.0,2024-06-24,3.9,False
T0453,Joshua,White,P046,11,2022-09-22,2023-09-17,1870.0,1870.0,2022-09-22,4.7,False
T0454,Jennifer,Flores,P028,162,2024-11-02,2025-10-28,2480.0,4960.0,2024-11-02,4.7,False
T0455,Stephanie,Harris,P013,39,2023-05-17,2025-05-06,1080.0,1080.0,2023-05-17,4.5,True
T0456,Nancy,Thompson,P040,141,2022-05-30,2023-05-25,2230.0,3345.0,2022-05-30,3.8,False
T0457,Timothy,Roberts,P002,27,2024-08-10,2025-02-06,2000.0,3000.0,2024-08-10,4.4,False
T0458,Nicholas,Wilson,P021,95,2023-11-05,2024-05-03,1400.0,2800.0,2023-11-05,5.0,False
T0459,Gary,Martinez,P049,38,2022-08-23,2023-08-18,2620.0,5240.0,2022-08-23,4.0,False
T0460,Edward,Ramirez,P028,56,2022-03-06,2024-02-24,1430.0,2145.0,2022-03-06,2.9,False
T0461,Andrew,Taylor,P032,55,2023-03-10,2023-09-06,1430.0,2860.0,2023-03-10,4.3,False
T0462,Brenda,Clark,P021,65,2022-10-18,2023-04-16,1350.0,2700.0,2022-10-18,3.0,False
T0463,Jeffrey,Perez,P016,43,2023-06-16,2024-06-10,1430.0,2145.0,2023-06-16,3.0,False
T0464,Daniel,Hall,P007,45,2023-12-17,2024-12-11,1320.0,1980.0,2023-12-17,4.0,False
T0465,Donna,Jones,P018,96,2024-03-07,2024-09-03,1750.0,3500.0,2024-03-07,4.8,False
T0466,Joshua,Smith,P021,92,2022-10-24,2023-10-19,2450.0,2450.0,2022-10-24,4.6,False
T0467,Jason,Taylor,P013,6,2022-10-30,2023-10-25,2970.0,5940.0,2022-10-30,3.0,False
T0468,Michael,Wilson,P029,65,2024-07-11,2025-07-06,2580.0,5160.0,2024-07-11,4.1,False
T0469,Michelle,Thompson,P010,6,2024-05-10,2026-04-30,3150.0,3150.0,2024-05-10,4.1,False
T0470,Rebecca,Allen,P014,63,2022-01-30,2023-01-25,3090.0,3090.0,2022-01-30,2.8,False
T0471,Katherine,Ramirez,P022,135,2024-07-22,2025-07-17,2520.0,5040.0,2024-07-22,2.7,True
T0472,Kathleen,Lopez,P043,5,2023-11-19,2024-05-17,11700.0,23400.0,2023-11-19,3.8,False
T0473,Anna,Green,P029,120,2024-06-11,2025-06-06,2290.0,3435.0,2024-06-11,3.8,True
T0474,David,Flores,P020,21,2022-07-23,2023-01-19,2530.0,3795.0,2022-07-23,3.0,False
T0475,Stephanie,Clark,P032,97,2022-07-24,2023-07-19,1180.0,1180.0,2022-07-24,4.6,False
T0476,Gary,Davis,P039,12,2024-07-20,2026-07-10,4200.0,6300.0,2024-07-20,3.2,False
T0477,Timothy,Smith,P023,8,2024-08-08,2025-08-03,11700.0,17550.0,2024-08-08,4.5,False
T0478,Rebecca,Clark,P007,177,2024-11-05,2025-10-31,2710.0,5420.0,2024-11-05,4.2,False
T0479,Kathleen,King,P009,56,2024-04-29,2024-10-26,1490.0,2980.0,2024-04-29,2.0,True
T0480,Paul,Scott,P032,61,2023-11-18,2024-11-12,2300.0,3450.0,2023-11-18,5.0,False
T0481,Charles,Green,P002,4,2024-03-16,2024-09-12,1380.0,2070.0,2024-03-16,4.1,False
T0482,Anna,Anderson,P022,117,2022-12-22,2023-12-17,3150.0,3150.0,2022-12-22,3.9,False
T0483,Timothy,Carter,P005,26,2022-09-16,2024-09-05,2550.0,5100.0,2022-09-16,4.1,False
T0484,Anna,Smith,P012,135,2022-11-22,2023-11-17,3010.0,6020.0,2022-11-22,3.0,False
T0485,Richard,Torres,P034,19,2022-11-10,2023-05-09,2680.0,4020.0,2022-11-10,4.0,False
T0486,Emily,Thomas,P002,13,2022-09-25,2023-09-20,1010.0,2020.0,2022-09-25,4.5,False
T0487,Ronald,Roberts,P022,72,2023-09-01,2024-08-26,2970.0,4455.0,2023-09-01,3.3,False
T0488,Betty,Davis,P023,21,2023-07-18,2024-01-14,8600.0,12900.0,2023-07-18,4.2,False
T0489,Emily,Garcia,P045,34,2022-09-09,2023-03-08,3040.0,3040.0,2022-09-09,3.4,False
T0490,David,Clark,P040,115,2024-01-11,2025-01-05,2060.0,2060.0,2024-01-11,3.9,False
T0491,Joshua,Green,P028,9,2022-06-06,2023-06-01,2040.0,3060.0,2022-06-06,3.6,False
T0492,Michael,Davis,P029,38,2023-01-04,2023-12-30,2770.0,4155.0,2023-01-04,2.1,True
T0493,Jonathan,Mitchell,P019,19,2024-09-18,2026-09-08,3190.0,4785.0,2024-09-18,2.8,False
T0494,Helen,Carter,P012,92,2023-01-30,2025-01-19,3030.0,3030.0,2023-01-30,1.6,True
T0495,Dorothy,Anderson,P010,79,2024-01-18,2024-07-16,1440.0,1440.0,2024-01-18,2.9,False
T0496,Nancy,Thompson,P006,17,2022-09-17,2023-09-12,2590.0,5180.0,2022-09-17,3.2,False
T0497,Helen,Sanchez,P032,119,2023-08-26,2024-08-20,2190.0,2190.0,2023-08-26,3.9,False
T0498,Rebecca,Hernandez,P037,93,2023-02-10,2024-02-05,1510.0,1510.0,2023-02-10,3.0,False
T0499,Andrew,Lee,P022,14,2024-09-26,2025-09-21,3100.0,6200.0,2024-09-26,3.7,False
T0500,William,Lewis,P038,19,2024-02-24,2025-02-18,1190.0,1190.0,2024-02-24,3.6,False
