tenant_id,first_name,last_name,property_id,unit_number,lease_start,lease_end,monthly_rent,security_deposit,move_in_date,satisfaction_score,at_risk,late_payment_rate,missed_payment_rate,days_remaining,complaint_count,churn_score,churn_risk_level
T0001,Ryan,Perez,P045,42,2023-08-17,2025-08-06,2020.0,4040.0,2023-08-17,4.4,False,0.167,0.0,66,6,54.5,high
T0002,Rebecca,Johnson,P021,42,2024-09-07,2025-03-06,1200.0,1800.0,2024-09-07,4.0,False,0.0,0.0,-87,10,60.8,high
T0003,Anthony,Nguyen,P040,65,2023-03-28,2024-03-22,2340.0,4680.0,2023-03-28,3.5,False,0.167,0.0,-436,2,58.1,high
T0004,Brenda,Baker,P035,14,2023-07-24,2024-07-18,4200.0,8400.0,2023-07-24,3.4,True,0.583,0.083,-318,4,86.6,critical
T0005,Helen,Brown,P036,5,2024-11-14,2025-11-09,11600.0,23200.0,2024-11-14,3.5,False,0.0,0.125,161,3,43.7,medium
T0006,Kenneth,Thompson,P038,148,2022-10-30,2023-10-25,1760.0,2640.0,2022-10-30,3.6,False,0.0,0.0,-585,8,63.5,high
T0007,Ryan,Mitchell,P029,188,2024-07-01,2026-06-21,1640.0,2460.0,2024-07-01,4.4,False,0.167,0.0,385,4,20.5,low
T0008,Jeffrey,Campbell,P007,92,2023-08-15,2024-08-09,2760.0,4140.0,2023-08-15,4.9,False,0.0,0.0,-296,2,41.2,medium
T0009,Samantha,Perez,P009,3,2022-06-26,2023-06-21,1260.0,1260.0,2022-06-26,3.8,False,0.0,0.0,-711,3,50.9,high
T0010,Andrew,Clark,P021,6,2024-02-09,2024-08-07,3050.0,3050.0,2024-02-09,3.7,True,0.286,0.143,-298,6,78.8,critical
T0011,Nicholas,Williams,P002,91,2022-10-08,2023-10-03,2200.0,3300.0,2022-10-08,3.6,False,0.0,0.083,-607,3,56.7,high
T0012,Sarah,Smith,P043,19,2023-09-15,2024-09-09,10300.0,10300.0,2023-09-15,3.8,False,0.083,0.0,-265,6,61.3,high
T0013,Shirley,Lopez,P020,31,2024-08-25,2025-02-21,1540.0,2310.0,2024-08-25,4.8,False,0.0,0.0,-100,5,48.6,high
T0014,William,Hill,P050,15,2023-05-17,2023-11-13,2990.0,5980.0,2023-05-17,3.4,False,0.429,0.0,-566,5,77.3,critical
T0015,Gary,Hall,P022,101,2024-09-11,2026-09-01,1760.0,1760.0,2024-09-11,3.4,False,0.2,0.0,457,8,37.8,medium
T0016,Joshua,Robinson,P038,94,2022-02-05,2023-01-31,1790.0,3580.0,2022-02-05,2.9,False,0.083,0.083,-852,8,76.4,critical
T0017,Cynthia,Brown,P029,131,2022-12-01,2023-05-30,1250.0,1875.0,2022-12-01,3.7,False,0.167,0.0,-733,3,59.0,high
T0018,Joseph,Hill,P042,35,2022-06-07,2024-05-27,2500.0,2500.0,2022-06-07,4.2,False,0.333,0.0,-370,5,67.6,high
T0019,Edward,Miller,P029,171,2023-10-10,2024-10-04,2170.0,4340.0,2023-10-10,4.3,False,0.0,0.0,-240,6,54.2,high
T0020,Nicholas,Clark,P022,66,2022-10-22,2023-04-20,2260.0,3390.0,2022-10-22,3.4,False,0.286,0.143,-773,9,85.4,critical
T0021,Anthony,Scott,P045,61,2022-11-30,2023-05-29,3020.0,6040.0,2022-11-30,3.9,False,0.286,0.0,-734,4,65.3,high
T0022,Charles,Johnson,P026,3,2022-08-22,2023-08-17,2500.0,3750.0,2022-08-22,3.0,False,0.333,0.0,-654,6,78.0,critical
T0023,Jonathan,Carter,P025,55,2024-01-13,2025-01-07,1730.0,2595.0,2024-01-13,4.8,False,0.083,0.0,-145,5,52.3,high
T0024,Charles,Hall,P007,82,2023-09-16,2024-03-14,1340.0,1340.0,2023-09-16,3.1,False,0.143,0.0,-444,3,62.0,high
T0025,Jeffrey,Hall,P038,92,2023-09-22,2024-09-16,2500.0,2500.0,2023-09-22,5.0,False,0.083,0.0,-258,4,48.7,high
T0026,Helen,Nguyen,P007,25,2024-09-18,2025-09-13,1120.0,1120.0,2024-09-18,1.9,True,0.4,0.0,104,8,82.7,critical
T0027,Joseph,Davis,P047,13,2023-06-03,2023-11-30,2010.0,4020.0,2023-06-03,3.8,True,0.333,0.0,-549,5,70.4,critical
T0028,Christopher,Mitchell,P023,7,2023-02-14,2024-02-09,4100.0,6150.0,2023-02-14,2.9,False,0.0,0.0,-478,8,68.2,high
T0029,Paul,Allen,P010,28,2023-12-14,2024-12-08,3080.0,6160.0,2023-12-14,3.9,False,0.083,0.0,-175,3,53.9,high
T0030,Kenneth,Hernandez,P001,6,2022-01-29,2024-01-19,2700.0,5400.0,2022-01-29,3.2,False,0.0,0.0,-499,11,66.2,high
T0031,Gary,White,P007,173,2022-07-22,2023-07-17,960.0,1920.0,2022-07-22,4.7,False,0.083,0.0,-685,1,44.0,medium
T0032,Ronald,Ramirez,P002,120,2024-06-19,2024-12-16,2280.0,2280.0,2024-06-19,3.6,False,0.0,0.0,-167,4,54.5,high
T0033,Pamela,Davis,P007,69,2024-04-14,2024-10-11,2110.0,4220.0,2024-04-14,3.5,False,0.143,0.0,-233,10,70.6,critical
T0034,Laura,Young,P014,141,2024-01-10,2025-01-04,1260.0,1260.0,2024-01-10,2.9,False,0.0,0.0,-148,3,56.9,high
T0035,Ryan,Anderson,P049,57,2024-07-24,2026-07-14,1820.0,3640.0,2024-07-24,4.3,False,0.0,0.0,408,7,20.5,low
T0036,Gary,Baker,P018,76,2024-05-26,2025-05-21,1870.0,2805.0,2024-05-26,4.8,False,0.0,0.0,-11,0,37.4,medium
T0037,Richard,Davis,P049,50,2024-10-03,2025-04-01,1350.0,1350.0,2024-10-03,3.9,False,0.0,0.0,-61,5,54.7,high
T0038,Sharon,Gonzalez,P021,59,2022-07-28,2023-07-23,1840.0,3680.0,2022-07-28,4.9,True,0.167,0.167,-679,5,64.4,high
T0039,Nicole,Moore,P028,51,2024-04-07,2024-10-04,2850.0,5700.0,2024-04-07,3.7,False,0.286,0.143,-240,4,74.3,critical
T0040,Angela,Young,P022,112,2023-07-14,2024-07-08,2670.0,5340.0,2023-07-14,4.3,False,0.083,0.0,-328,5,55.7,high
T0041,Carol,Green,P032,87,2024-07-20,2025-01-16,1580.0,1580.0,2024-07-20,3.9,False,0.286,0.0,-136,2,60.8,high
T0042,Matthew,Harris,P031,13,2022-04-19,2022-10-16,1020.0,2040.0,2022-04-19,2.9,False,0.0,0.0,-959,2,54.7,high
T0043,Karen,Nelson,P021,80,2022-11-09,2023-11-04,2480.0,4960.0,2022-11-09,3.0,False,0.167,0.0,-575,7,72.8,critical
T0044,Eric,Taylor,P021,66,2024-08-12,2025-08-07,2680.0,5360.0,2024-08-12,3.2,True,0.273,0.182,67,2,68.1,high
T0045,Sandra,Harris,P043,11,2022-02-06,2022-08-05,5400.0,8100.0,2022-02-06,4.7,False,0.143,0.0,-1031,5,55.7,high
T0046,George,Rivera,P021,41,2024-02-10,2025-02-04,1660.0,1660.0,2024-02-10,2.9,False,0.167,0.083,-117,5,73.4,critical
T0047,Thomas,Torres,P049,33,2022-10-03,2023-09-28,2060.0,4120.0,2022-10-03,3.9,False,0.167,0.0,-612,9,68.9,high
T0048,Lisa,Sanchez,P046,13,2024-08-20,2025-08-15,2050.0,3075.0,2024-08-20,2.0,True,0.455,0.182,75,6,92.6,critical
T0049,Kenneth,Lee,P012,164,2024-02-13,2026-02-02,2060.0,2060.0,2024-02-13,4.5,False,0.083,0.083,246,3,30.1,medium
T0050,Sarah,Carter,P014,133,2022-04-03,2023-03-29,1010.0,2020.0,2022-04-03,3.6,False,0.167,0.0,-795,4,61.9,high
T0051,Brian,Brown,P050,62,2022-07-19,2023-07-14,1720.0,3440.0,2022-07-19,3.6,False,0.167,0.0,-688,5,64.2,high
T0052,William,Martin,P018,81,2023-04-26,2024-04-20,1500.0,1500.0,2023-04-26,4.8,False,0.25,0.0,-407,10,66.6,high
T0053,Jeffrey,Torres,P038,86,2022-02-10,2024-01-31,1710.0,3420.0,2022-02-10,3.8,False,0.167,0.0,-487,5,62.8,high
T0054,Joshua,Harris,P037,127,2023-07-01,2023-12-28,2980.0,5960.0,2023-07-01,4.1,False,0.333,0.0,-521,6,70.6,critical
T0055,Sharon,Young,P021,33,2022-07-20,2023-07-15,1830.0,3660.0,2022-07-20,4.3,False,0.167,0.0,-687,3,55.0,high
T0056,Anna,Gonzalez,P025,10,2023-11-27,2024-11-21,2780.0,4170.0,2023-11-27,3.6,False,0.083,0.0,-192,4,58.2,high
T0057,George,Torres,P031,50,2022-06-04,2024-05-24,2380.0,3570.0,2022-06-04,3.4,False,0.083,0.0,-373,3,57.3,high
T0058,William,Torres,P038,150,2022-07-08,2024-06-27,2760.0,5520.0,2022-07-08,3.5,False,0.0,0.0,-339,2,50.6,high
T0059,George,Allen,P025,36,2023-03-06,2024-02-29,2020.0,3030.0,2023-03-06,4.2,False,0.0,0.0,-458,5,52.6,high
T0060,Helen,Robinson,P003,1,2023-10-04,2024-09-28,1920.0,3840.0,2023-10-04,3.4,False,0.083,0.0,-246,5,61.8,high
T0061,Emily,Torres,P016,39,2023-01-05,2023-07-04,2670.0,4005.0,2023-01-05,3.9,False,0.143,0.0,-698,3,56.6,high
T0062,Anna,Torres,P037,98,2024-08-15,2025-08-10,1430.0,2860.0,2024-08-15,4.2,False,0.0,0.0,70,1,36.7,medium
T0063,George,Ramirez,P010,61,2023-02-15,2024-02-10,2360.0,3540.0,2023-02-15,3.3,False,0.083,0.0,-477,2,55.7,high
T0064,Kenneth,Adams,P028,81,2022-05-12,2023-05-07,1670.0,1670.0,2022-05-12,3.4,False,0.0,0.083,-756,2,55.8,high
T0065,Sarah,Thomas,P021,68,2023-04-29,2024-04-23,1530.0,2295.0,2023-04-29,3.1,False,0.167,0.0,-404,3,63.1,high
T0066,Dorothy,Johnson,P048,1,2024-06-12,2025-06-07,1990.0,2985.0,2024-06-12,2.1,True,0.167,0.333,6,7,96.2,critical
T0067,Nicholas,Johnson,P038,118,2023-07-23,2025-07-12,2730.0,2730.0,2023-07-23,4.5,True,0.25,0.25,41,6,73.6,critical
T0068,Jason,White,P012,43,2022-06-21,2023-06-16,2880.0,5760.0,2022-06-21,4.7,False,0.167,0.0,-716,2,50.0,high
T0069,Dorothy,Thomas,P032,126,2022-07-04,2023-06-29,2430.0,2430.0,2022-07-04,4.4,False,0.25,0.0,-703,5,62.6,high
T0070,Samantha,Taylor,P029,31,2024-10-21,2025-04-19,2230.0,3345.0,2024-10-21,4.6,False,0.143,0.0,-43,10,63.1,high
T0071,Kevin,Nguyen,P003,34,2023-05-03,2025-04-22,2940.0,5880.0,2023-05-03,4.6,False,0.0,0.0,-40,4,47.7,high
T0072,Michelle,Moore,P014,33,2023-04-29,2024-04-23,1830.0,2745.0,2023-04-29,3.0,False,0.083,0.0,-404,3,60.0,high
T0073,Thomas,Lee,P016,12,2022-04-25,2023-04-20,1870.0,3740.0,2022-04-25,4.3,False,0.083,0.083,-773,4,58.0,high
T0074,Edward,Walker,P049,19,2023-05-20,2024-05-14,1900.0,3800.0,2023-05-20,4.9,False,0.083,0.0,-383,8,58.4,high
T0075,Michael,Mitchell,P009,96,2023-09-24,2024-03-22,1780.0,3560.0,2023-09-24,4.8,False,0.143,0.0,-436,3,50.5,high
T0076,Edward,Baker,P012,125,2022-04-22,2023-04-17,2750.0,2750.0,2022-04-22,3.6,False,0.083,0.0,-776,5,60.4,high
T0077,Timothy,Taylor,P037,36,2023-04-30,2024-04-24,2150.0,3225.0,2023-04-30,4.8,False,0.167,0.083,-403,2,53.8,high
T0078,Ryan,Green,P029,137,2023-04-28,2024-04-22,1150.0,1725.0,2023-04-28,4.8,False,0.25,0.0,-405,7,64.4,high
T0079,Nicholas,Walker,P012,48,2024-04-12,2024-10-09,2930.0,5860.0,2024-04-12,3.0,False,0.143,0.143,-235,4,72.6,critical
T0080,Daniel,Hall,P028,68,2023-11-13,2024-11-07,1880.0,2820.0,2023-11-13,4.6,False,0.083,0.083,-206,4,55.9,high
T0081,Laura,Robinson,P032,75,2023-12-22,2024-12-16,2090.0,4180.0,2023-12-22,4.6,False,0.083,0.083,-167,3,53.7,high
T0082,Dorothy,Smith,P014,72,2022-04-17,2023-04-12,1010.0,1515.0,2022-04-17,4.5,False,0.0,0.083,-781,6,57.4,high
T0083,Amanda,King,P029,19,2023-09-18,2024-09-12,1400.0,2800.0,2023-09-18,3.0,False,0.083,0.083,-262,1,60.0,high
T0084,Joshua,Lewis,P045,52,2022-09-24,2024-09-13,3130.0,4695.0,2022-09-24,4.5,False,0.083,0.0,-261,2,47.6,high
T0085,Laura,Jackson,P003,37,2022-10-01,2023-09-26,2920.0,2920.0,2022-10-01,4.1,False,0.0,0.083,-614,3,53.3,high
T0086,Donald,Johnson,P040,18,2024-01-23,2025-01-17,1140.0,1140.0,2024-01-23,3.6,False,0.083,0.0,-135,5,60.4,high
T0087,Kimberly,Brown,P012,13,2023-04-14,2023-10-11,3030.0,4545.0,2023-04-14,3.2,False,0.0,0.0,-599,5,59.4,high
T0088,Sandra,Smith,P032,50,2023-06-17,2024-06-11,2340.0,4680.0,2023-06-17,3.6,False,0.25,0.0,-355,4,65.7,high
T0089,Anthony,Moore,P031,20,2024-07-18,2025-07-13,2130.0,3195.0,2024-07-18,4.0,True,0.083,0.25,42,7,71.6,critical
T0090,Michelle,Jackson,P007,110,2024-02-22,2025-02-16,2630.0,5260.0,2024-02-22,3.3,False,0.167,0.0,-105,2,59.5,high
T0091,Stephanie,Taylor,P007,43,2024-05-06,2025-05-01,2470.0,2470.0,2024-05-06,3.1,False,0.25,0.0,-31,7,75.8,critical
T0092,Richard,Smith,P042,6,2023-05-24,2024-05-18,3900.0,5850.0,2023-05-24,4.2,False,0.0,0.083,-379,3,52.6,high
T0093,Jeffrey,Mitchell,P029,53,2023-10-25,2024-10-19,1250.0,2500.0,2023-10-25,4.4,False,0.083,0.0,-225,6,57.3,high
T0094,Paul,Walker,P029,90,2022-07-15,2024-07-04,1530.0,2295.0,2022-07-15,2.7,True,0.333,0.083,-332,3,77.8,critical
T0095,George,Sanchez,P040,24,2022-04-04,2022-10-01,3190.0,6380.0,2022-04-04,4.2,False,0.286,0.0,-974,9,72.3,critical
T0096,Nicole,Perez,P003,48,2022-03-26,2024-03-15,1780.0,2670.0,2022-03-26,3.2,False,0.083,0.0,-443,5,63.1,high
T0097,Joshua,Williams,P026,9,2023-10-12,2025-10-01,1250.0,1250.0,2023-10-12,3.4,False,0.083,0.0,122,5,49.8,high
T0098,Melissa,Flores,P018,10,2023-07-30,2024-07-24,2070.0,3105.0,2023-07-30,3.4,False,0.167,0.0,-312,5,65.5,high
T0099,Ashley,Scott,P022,123,2024-06-11,2025-06-06,2110.0,4220.0,2024-06-11,5.0,True,0.667,0.167,5,1,76.8,critical
T0100,Emily,Williams,P012,12,2024-06-20,2024-12-17,2380.0,3570.0,2024-06-20,2.9,False,0.286,0.0,-166,5,74.3,critical
T0101,Nicole,Williams,P031,71,2024-08-14,2025-08-09,1540.0,2310.0,2024-08-14,4.6,True,0.545,0.273,69,3,77.9,critical
T0102,Christopher,Davis,P014,145,2024-09-20,2025-09-15,1750.0,2625.0,2024-09-20,4.7,False,0.0,0.1,106,4,42.0,medium
T0103,Andrew,Torres,P016,35,2023-08-05,2024-07-30,1160.0,2320.0,2023-08-05,4.4,False,0.083,0.0,-306,5,55.0,high
T0104,Karen,Thomas,P046,4,2022-01-09,2023-12-30,2270.0,3405.0,2022-01-09,3.2,False,0.083,0.0,-519,0,51.9,high
T0105,Sandra,Sanchez,P032,12,2023-11-05,2024-05-03,2470.0,3705.0,2023-11-05,5.0,False,0.143,0.0,-394,3,49.2,high
T0106,Emma,Robinson,P009,27,2022-08-06,2023-08-01,2280.0,4560.0,2022-08-06,3.0,False,0.0,0.0,-670,3,56.2,high
T0107,Brenda,Lee,P029,8,2022-01-12,2023-01-07,3100.0,6200.0,2022-01-12,4.2,False,0.0,0.0,-876,6,54.9,high
T0108,Kenneth,Lee,P022,49,2022-09-22,2023-09-17,3200.0,3200.0,2022-09-22,4.6,False,0.083,0.0,-623,6,55.9,high
T0109,Angela,Garcia,P038,48,2024-02-21,2024-08-19,2620.0,2620.0,2024-02-21,3.2,False,0.143,0.143,-286,2,66.8,high
T0110,Ashley,Davis,P031,4,2022-11-30,2023-11-25,2870.0,4305.0,2022-11-30,3.4,False,0.083,0.083,-554,2,59.5,high
T0111,Cynthia,Nelson,P028,33,2024-06-04,2025-05-30,2050.0,2050.0,2024-06-04,4.1,False,0.083,0.0,-2,0,45.8,high
T0112,Gary,Moore,P037,105,2024-11-15,2025-11-10,2820.0,5640.0,2024-11-15,4.7,False,0.125,0.125,162,3,41.2,medium
T0113,Anna,Green,P012,9,2022-07-04,2023-06-29,2300.0,3450.0,2022-07-04,4.2,False,0.083,0.0,-703,4,54.1,high
T0114,Ashley,Young,P012,26,2024-11-17,2025-11-12,1160.0,2320.0,2024-11-17,4.3,False,0.125,0.0,164,3,36.9,medium
T0115,Emma,Martin,P040,190,2022-06-21,2023-06-16,2370.0,2370.0,2022-06-21,3.0,False,0.0,0.083,-716,3,60.8,high
T0116,Robert,Scott,P018,94,2023-09-08,2024-09-02,3160.0,3160.0,2023-09-08,3.5,False,0.167,0.0,-272,5,64.9,high
T0117,Pamela,Nelson,P014,49,2024-11-17,2025-05-16,3010.0,6020.0,2024-11-17,3.7,False,0.286,0.0,-16,5,68.9,high
T0118,Eric,Johnson,P012,128,2023-06-03,2024-05-28,2230.0,2230.0,2023-06-03,3.0,False,0.0,0.0,-369,7,65.2,high
T0119,Shirley,Rivera,P044,22,2024-08-05,2025-07-31,4400.0,6600.0,2024-08-05,2.9,False,0.0,0.091,60,5,60.4,high
T0120,Emily,Wilson,P022,98,2024-07-20,2025-07-15,1660.0,1660.0,2024-07-20,4.9,False,0.25,0.0,44,1,45.8,high
T0121,Timothy,Davis,P035,39,2023-06-16,2023-12-13,2800.0,2800.0,2023-06-16,2.8,False,0.143,0.0,-536,4,66.3,high
T0122,Nicholas,Martin,P012,101,2024-09-04,2025-08-30,1340.0,2680.0,2024-09-04,4.9,False,0.1,0.0,90,2,36.8,medium
T0123,Dorothy,Smith,P006,27,2024-01-09,2025-01-03,2780.0,2780.0,2024-01-09,3.0,False,0.083,0.0,-149,6,66.8,high
T0124,Christopher,Adams,P002,10,2022-02-02,2023-01-28,1200.0,1200.0,2022-02-02,3.3,False,0.0,0.0,-855,9,65.5,high
T0125,Gary,Ramirez,P038,55,2023-01-26,2023-07-25,1930.0,1930.0,2023-01-26,3.8,False,0.143,0.143,-677,7,74.0,critical
T0126,Brenda,Nguyen,P018,40,2022-11-09,2023-11-04,1210.0,1210.0,2022-11-09,3.8,False,0.167,0.0,-575,10,69.6,high
T0127,Anna,Clark,P009,65,2024-03-13,2024-09-09,1400.0,2100.0,2024-03-13,3.0,False,0.0,0.0,-265,6,63.0,high
T0128,Nicholas,Anderson,P007,88,2023-08-19,2024-02-15,2610.0,5220.0,2023-08-19,3.9,False,0.143,0.143,-472,1,59.8,high
T0129,Andrew,Adams,P026,6,2022-02-08,2023-02-03,1090.0,1635.0,2022-02-08,4.0,False,0.167,0.0,-849,4,59.2,high
T0130,Brenda,Hall,P031,81,2022-08-28,2023-08-23,2950.0,4425.0,2022-08-28,4.2,False,0.167,0.0,-648,3,55.6,high
T0131,Eric,Anderson,P002,90,2023-08-13,2024-08-07,1000.0,2000.0,2023-08-13,3.8,False,0.167,0.0,-298,7,67.3,high
T0132,Pamela,Rodriguez,P018,66,2023-11-26,2025-11-15,3000.0,4500.0,2023-11-26,4.4,False,0.083,0.0,167,2,31.8,medium
T0133,Edward,Walker,P025,33,2024-03-10,2025-03-05,2580.0,2580.0,2024-03-10,4.3,False,0.083,0.083,-88,5,60.2,high
T0134,Donna,Hernandez,P040,146,2023-08-02,2024-01-29,2350.0,4700.0,2023-08-02,3.1,False,0.167,0.0,-489,5,67.6,high
T0135,Robert,Johnson,P007,158,2024-05-01,2025-04-26,2060.0,3090.0,2024-05-01,3.3,False,0.083,0.083,-36,5,67.0,high
T0136,Eric,Williams,P005,105,2024-01-02,2024-12-27,2930.0,2930.0,2024-01-02,4.7,False,0.417,0.0,-156,4,65.8,high
T0137,Nicholas,Taylor,P014,125,2022-08-22,2024-08-11,1710.0,2565.0,2022-08-22,4.0,False,0.167,0.0,-294,2,54.8,high
T0138,Helen,Hill,P016,100,2022-04-06,2024-03-26,2720.0,5440.0,2022-04-06,3.1,False,0.083,0.0,-432,5,63.8,high
T0139,Thomas,Miller,P020,59,2022-04-14,2023-04-09,1180.0,2360.0,2022-04-14,4.9,False,0.167,0.083,-784,4,57.7,high
T0140,Sandra,Wilson,P006,12,2022-07-28,2024-07-17,2320.0,3480.0,2022-07-28,1.9,True,0.25,0.25,-319,2,86.2,critical
T0141,Joseph,Martinez,P014,83,2023-08-22,2024-08-16,1300.0,2600.0,2023-08-22,3.9,False,0.083,0.0,-289,4,56.2,high
T0142,Shirley,Roberts,P024,5,2022-10-10,2023-04-08,2800.0,2800.0,2022-10-10,3.8,False,0.0,0.0,-785,4,53.1,high
T0143,Andrew,White,P050,77,2024-08-28,2025-08-23,1500.0,3000.0,2024-08-28,2.1,True,0.091,0.273,83,6,79.7,critical
T0144,Shirley,Anderson,P003,35,2024-01-09,2025-01-03,2650.0,2650.0,2024-01-09,4.5,False,0.083,0.0,-149,4,52.1,high
T0145,Jonathan,Baker,P012,126,2024-04-26,2025-04-21,2750.0,4125.0,2024-04-26,4.9,False,0.0,0.083,-41,5,52.4,high
T0146,William,Garcia,P025,58,2024-06-25,2025-06-20,3070.0,4605.0,2024-06-25,3.9,False,0.25,0.0,19,3,59.6,high
T0147,Ashley,Torres,P014,150,2022-12-03,2023-11-28,1660.0,1660.0,2022-12-03,4.2,True,0.583,0.0,-551,1,69.9,high
T0148,George,Campbell,P050,63,2024-11-30,2025-11-25,3150.0,6300.0,2024-11-30,4.7,False,0.0,0.0,177,1,22.8,medium
T0149,Christopher,Hall,P016,118,2023-12-06,2024-06-03,1660.0,2490.0,2023-12-06,4.8,False,0.0,0.0,-363,3,44.1,medium
T0150,Ryan,Hall,P027,13,2023-02-25,2025-02-14,3100.0,4650.0,2023-02-25,4.2,False,0.0,0.0,-107,6,54.9,high
T0151,Stephen,Perez,P021,18,2024-04-08,2025-04-03,2950.0,4425.0,2024-04-08,3.0,False,0.167,0.0,-59,3,63.8,high
T0152,Nancy,Allen,P032,24,2022-09-16,2024-09-05,2580.0,5160.0,2022-09-16,3.4,False,0.0,0.0,-269,7,62.6,high
T0153,Katherine,Nguyen,P047,50,2023-11-29,2024-11-23,1650.0,2475.0,2023-11-29,4.6,True,0.167,0.083,-190,1,52.9,high
T0154,Lisa,White,P040,55,2023-09-15,2024-09-09,1490.0,2235.0,2023-09-15,3.0,False,0.167,0.0,-265,8,75.0,critical
T0155,Sandra,Lewis,P028,10,2023-12-27,2024-06-24,2360.0,3540.0,2023-12-27,3.8,True,0.429,0.0,-342,5,74.6,critical
T0156,Stephen,Hill,P039,3,2022-01-11,2023-01-06,7700.0,7700.0,2022-01-11,3.3,False,0.083,0.0,-877,2,55.7,high
T0157,Amanda,Miller,P029,102,2023-08-06,2025-07-26,1740.0,2610.0,2023-08-06,3.9,False,0.083,0.0,55,2,46.3,high
T0158,Jeffrey,Clark,P007,55,2023-01-30,2024-01-25,2110.0,2110.0,2023-01-30,3.1,False,0.0,0.0,-493,6,62.3,high
T0159,Kathleen,Baker,P014,34,2024-05-20,2025-05-15,1160.0,2320.0,2024-05-20,3.8,False,0.0,0.0,-17,4,53.1,high
T0160,Jeffrey,Lewis,P024,13,2024-11-28,2025-11-23,2900.0,5800.0,2024-11-28,4.1,False,0.125,0.0,175,2,34.9,medium
T0161,Charles,Young,P046,17,2024-09-29,2025-09-24,3040.0,6080.0,2024-09-29,3.1,False,0.1,0.0,115,3,48.7,high
T0162,Gary,Williams,P002,126,2024-11-17,2026-11-07,1980.0,3960.0,2024-11-17,3.3,False,0.25,0.0,524,4,31.7,medium
T0163,Sandra,White,P029,14,2024-01-27,2024-07-25,1300.0,2600.0,2024-01-27,3.7,False,0.0,0.0,-311,2,49.3,high
T0164,George,Jackson,P048,16,2022-11-10,2023-05-09,1600.0,2400.0,2022-11-10,5.0,False,0.0,0.0,-754,5,47.2,high
T0165,Rebecca,Jackson,P032,26,2022-10-20,2023-10-15,1010.0,1010.0,2022-10-20,3.7,False,0.25,0.0,-595,2,60.5,high
T0166,Jennifer,Clark,P021,26,2024-09-28,2025-03-27,1360.0,2040.0,2024-09-28,3.6,False,0.143,0.0,-66,5,63.1,high
T0167,Charles,Carter,P012,160,2024-07-15,2025-07-10,2240.0,2240.0,2024-07-15,4.4,False,0.0,0.0,39,4,45.2,high
T0168,Nancy,Flores,P031,16,2024-08-01,2025-07-27,2090.0,4180.0,2024-08-01,4.4,False,0.273,0.0,56,7,62.5,high
T0169,Jennifer,Nelson,P029,49,2024-03-04,2025-02-27,2350.0,3525.0,2024-03-04,3.5,False,0.167,0.0,-94,4,62.6,high
T0170,Rebecca,Scott,P003,23,2022-07-01,2023-06-26,2610.0,5220.0,2022-07-01,4.1,False,0.167,0.0,-706,6,63.1,high
T0171,Robert,Torres,P032,21,2022-06-24,2023-06-19,1230.0,2460.0,2022-06-24,4.0,False,0.167,0.0,-713,5,61.5,high
T0172,Stephen,Lopez,P033,36,2024-09-01,2026-08-22,2000.0,2000.0,2024-09-01,3.1,False,0.0,0.1,447,6,31.7,medium
T0173,Ryan,Garcia,P042,36,2023-02-26,2024-02-21,2400.0,4800.0,2023-02-26,4.6,False,0.0,0.083,-466,7,59.0,high
T0174,David,Perez,P035,12,2024-04-02,2026-03-23,8100.0,12150.0,2024-04-02,4.5,True,0.25,0.083,295,3,32.8,medium
T0175,Thomas,Miller,P031,69,2022-02-19,2024-02-09,1360.0,2720.0,2022-02-19,3.4,False,0.083,0.0,-478,6,64.0,high
T0176,Rebecca,Clark,P040,81,2022-10-22,2023-10-17,1330.0,2660.0,2022-10-22,3.0,False,0.0,0.0,-593,3,56.2,high
T0177,Amy,Miller,P018,77,2023-10-29,2024-10-23,1330.0,1995.0,2023-10-29,1.7,True,0.083,0.25,-221,2,80.0,critical
T0178,Sandra,Brown,P021,77,2023-10-26,2024-10-20,1270.0,1270.0,2023-10-26,4.6,False,0.167,0.0,-224,8,64.2,high
T0179,Thomas,Moore,P029,59,2023-04-30,2024-04-24,1490.0,1490.0,2023-04-30,3.9,False,0.167,0.0,-403,4,59.9,high
T0180,Carol,Johnson,P011,3,2024-04-13,2024-10-10,5200.0,7800.0,2024-04-13,3.7,False,0.0,0.0,-234,3,51.5,high
T0181,Charles,Martin,P009,16,2022-07-27,2023-07-22,2200.0,4400.0,2022-07-27,4.2,False,0.333,0.0,-680,7,72.1,critical
T0182,Kathleen,Wright,P031,42,2022-06-21,2024-06-10,1870.0,1870.0,2022-06-21,4.9,False,0.083,0.083,-356,5,56.2,high
T0183,Pamela,Flores,P005,28,2024-05-17,2026-05-07,2710.0,4065.0,2024-05-17,2.8,False,0.167,0.083,340,4,38.3,medium
T0184,Andrew,Hill,P012,70,2022-12-09,2023-06-07,2420.0,3630.0,2022-12-09,4.7,True,0.286,0.143,-725,3,65.3,high
T0185,Helen,Jackson,P014,78,2024-02-18,2025-02-12,2840.0,2840.0,2024-02-18,3.3,False,0.0,0.0,-109,1,49.7,high
T0186,Dorothy,Campbell,P031,75,2022-05-24,2023-05-19,1310.0,2620.0,2022-05-24,4.3,False,0.167,0.0,-744,7,64.0,high
T0187,Joshua,Baker,P043,9,2024-06-03,2025-05-29,12000.0,18000.0,2024-06-03,4.9,False,0.25,0.0,-3,2,52.4,high
T0188,Sharon,Wilson,P028,161,2024-07-16,2025-07-11,2380.0,3570.0,2024-07-16,4.9,True,0.083,0.333,40,1,56.7,high
T0189,James,Hill,P032,133,2023-11-04,2024-05-02,3110.0,4665.0,2023-11-04,3.1,False,0.143,0.143,-395,5,74.2,critical
T0190,Nicholas,Carter,P040,161,2022-01-20,2023-01-15,960.0,1440.0,2022-01-20,4.8,False,0.0,0.0,-868,4,46.4,high
T0191,Ryan,Baker,P022,59,2022-06-08,2024-05-28,2160.0,2160.0,2022-06-08,4.4,True,0.167,0.083,-369,8,70.0,critical
T0192,Maria,Davis,P032,136,2024-02-10,2026-01-30,1740.0,2610.0,2024-02-10,3.2,False,0.167,0.083,243,3,42.9,medium
T0193,Deborah,Baker,P002,1,2023-01-31,2024-01-26,1780.0,3560.0,2023-01-31,4.1,True,0.333,0.25,-492,4,79.6,critical
T0194,Donald,Anderson,P003,16,2022-07-04,2024-06-23,1760.0,2640.0,2022-07-04,4.6,False,0.0,0.0,-343,9,56.7,high
T0195,Mark,Smith,P028,57,2022-03-17,2023-03-12,3130.0,3130.0,2022-03-17,4.3,False,0.0,0.0,-812,5,52.0,high
T0196,Nicole,Hernandez,P018,36,2024-03-22,2024-09-18,3160.0,6320.0,2024-03-22,4.1,False,0.286,0.143,-256,4,71.6,critical
T0197,Charles,Taylor,P050,24,2022-12-26,2023-06-24,1390.0,2780.0,2022-12-26,4.4,False,0.143,0.0,-708,5,57.7,high
T0198,Stephen,Flores,P027,8,2023-07-16,2024-07-10,4900.0,7350.0,2023-07-16,2.9,False,0.083,0.0,-326,8,71.9,critical
T0199,Robert,Lee,P040,101,2024-07-18,2025-01-14,2480.0,3720.0,2024-07-18,4.2,False,0.286,0.0,-138,5,65.5,high
T0200,Nicole,White,P014,38,2024-04-13,2025-04-08,2850.0,5700.0,2024-04-13,3.9,False,0.0,0.0,-54,5,54.7,high
T0201,Brenda,Lee,P007,71,2023-04-05,2023-10-02,2660.0,2660.0,2023-04-05,3.7,False,0.143,0.0,-608,10,69.2,high
T0202,Donald,Hall,P005,1,2023-11-17,2024-05-15,1830.0,2745.0,2023-11-17,4.6,False,0.0,0.0,-382,5,50.0,high
T0203,Joseph,Johnson,P032,113,2023-05-27,2024-05-21,3100.0,4650.0,2023-05-27,3.5,False,0.167,0.0,-376,4,62.6,high
T0204,Steven,Thomas,P043,34,2022-02-19,2024-02-09,6300.0,6300.0,2022-02-19,4.9,False,0.167,0.0,-478,4,53.2,high
T0205,Paul,Jones,P023,37,2023-11-29,2024-05-27,6700.0,13400.0,2023-11-29,3.9,False,0.286,0.0,-370,4,65.3,high
T0206,Lisa,Williams,P040,38,2022-07-15,2023-07-10,2340.0,3510.0,2022-07-15,3.0,False,0.0,0.0,-692,4,58.5,high
T0207,Lisa,Martin,P033,13,2022-05-14,2023-05-09,2500.0,5000.0,2022-05-14,4.3,True,0.083,0.25,-754,6,71.5,critical
T0208,Stephanie,Harris,P040,14,2022-05-15,2022-11-11,2360.0,3540.0,2022-05-15,4.0,False,0.0,0.0,-933,3,49.5,high
T0209,Maria,Robinson,P010,47,2024-04-21,2025-04-16,1170.0,1755.0,2024-04-21,4.5,False,0.0,0.0,-46,3,46.1,high
T0210,Sarah,Robinson,P024,28,2024-05-26,2026-05-16,3200.0,6400.0,2024-05-26,3.5,False,0.167,0.0,349,7,35.0,medium
T0211,William,Nguyen,P002,99,2023-01-30,2023-07-29,1690.0,1690.0,2023-01-30,4.1,False,0.143,0.143,-673,6,69.7,high
T0212,Ryan,Lopez,P028,94,2022-09-16,2024-09-05,2980.0,2980.0,2022-09-16,3.7,False,0.167,0.0,-269,5,63.5,high
T0213,Helen,Adams,P012,113,2022-04-01,2022-09-28,1260.0,1890.0,2022-04-01,4.1,False,0.0,0.0,-977,4,51.1,high
T0214,Stephanie,White,P022,122,2022-10-26,2023-10-21,1650.0,1650.0,2022-10-26,4.1,False,0.083,0.0,-589,4,54.8,high
T0215,Robert,Ramirez,P025,53,2022-10-24,2023-04-22,2110.0,3165.0,2022-10-24,4.6,False,0.143,0.0,-771,5,56.4,high
T0216,Gary,Hall,P009,21,2023-02-15,2024-02-10,1390.0,2780.0,2023-02-15,3.6,False,0.0,0.0,-477,2,50.0,high
T0217,George,Clark,P029,145,2023-11-10,2025-10-30,3160.0,4740.0,2023-11-10,3.5,False,0.083,0.0,151,6,48.5,high
T0218,Donald,Hall,P010,43,2024-07-19,2025-01-15,1320.0,1320.0,2024-07-19,4.8,False,0.429,0.0,-137,4,65.6,high
T0219,Kevin,Mitchell,P032,110,2023-03-13,2024-03-07,2000.0,3000.0,2023-03-13,4.5,False,0.0,0.0,-451,4,48.4,high
T0220,Sarah,Scott,P012,49,2023-01-13,2023-07-12,1410.0,1410.0,2023-01-13,3.0,False,0.286,0.0,-690,1,64.6,high
T0221,Sarah,Gonzalez,P040,180,2024-06-20,2025-06-15,1270.0,1270.0,2024-06-20,3.6,False,0.083,0.0,14,1,50.1,high
T0222,Amanda,Lopez,P014,118,2023-03-25,2024-03-19,1590.0,1590.0,2023-03-25,3.5,False,0.0,0.083,-439,2,55.1,high
T0223,Ronald,Adams,P012,72,2023-06-21,2023-12-18,1000.0,1000.0,2023-06-21,3.9,True,0.571,0.143,-531,8,94.9,critical
T0224,Kathleen,Nelson,P004,1,2023-03-07,2024-03-01,1710.0,1710.0,2023-03-07,3.6,False,0.0,0.0,-457,4,54.5,high
T0225,Charles,Gonzalez,P022,29,2024-06-07,2024-12-04,3070.0,3070.0,2024-06-07,4.7,False,0.0,0.0,-179,3,44.8,medium
T0226,Amanda,Williams,P049,4,2024-02-06,2025-01-31,2150.0,4300.0,2024-02-06,4.9,False,0.0,0.0,-121,3,43.4,medium
T0227,Deborah,Rodriguez,P014,136,2023-08-26,2024-08-20,2270.0,4540.0,2023-08-26,2.9,False,0.083,0.0,-285,5,65.2,high
T0228,William,Hernandez,P038,116,2024-09-28,2025-09-23,3130.0,6260.0,2024-09-28,4.5,False,0.2,0.0,114,3,43.9,medium
T0229,Laura,Rivera,P028,130,2024-11-08,2025-11-03,1820.0,2730.0,2024-11-08,3.8,False,0.0,0.0,155,5,40.1,medium
T0230,Michael,Wilson,P049,26,2024-09-16,2025-09-11,2130.0,2130.0,2024-09-16,4.1,False,0.1,0.0,102,3,43.3,medium
T0231,Ronald,Torres,P025,7,2024-07-14,2025-07-09,2960.0,2960.0,2024-07-14,2.6,True,0.167,0.25,38,4,78.5,critical
T0232,Richard,Jackson,P050,41,2024-02-06,2025-01-31,3050.0,4575.0,2024-02-06,3.1,False,0.083,0.0,-121,8,70.6,critical
T0233,Sharon,Ramirez,P040,164,2023-04-17,2025-04-06,2120.0,3180.0,2023-04-17,3.3,True,0.333,0.0,-56,7,78.2,critical
T0234,Ronald,Johnson,P005,90,2024-04-17,2025-04-12,2000.0,2000.0,2024-04-17,3.5,False,0.0,0.0,-50,3,52.9,high
T0235,Eric,Allen,P009,90,2023-06-28,2023-12-25,1940.0,3880.0,2023-06-28,3.0,False,0.0,0.0,-524,1,51.8,high
T0236,Michael,Wright,P012,16,2023-07-21,2024-07-15,2400.0,2400.0,2023-07-21,3.0,False,0.25,0.0,-321,5,72.0,critical
T0237,Deborah,Gonzalez,P029,108,2023-11-06,2024-10-31,1700.0,3400.0,2023-11-06,4.6,False,0.333,0.0,-213,3,60.4,high
T0238,George,Jackson,P038,143,2022-10-10,2024-09-29,2310.0,3465.0,2022-10-10,2.8,False,0.083,0.0,-245,4,63.6,high
T0239,Maria,Walker,P028,135,2024-04-07,2025-04-02,2710.0,5420.0,2024-04-07,4.5,False,0.167,0.0,-60,3,53.6,high
T0240,Mark,Walker,P022,27,2022-11-02,2023-10-28,2100.0,2100.0,2022-11-02,4.4,False,0.083,0.0,-582,3,50.5,high
T0241,Anthony,Ramirez,P028,103,2024-08-17,2025-08-12,2110.0,4220.0,2024-08-17,1.8,True,0.545,0.091,72,4,89.0,critical
T0242,Charles,Martin,P032,43,2024-06-17,2025-06-12,1890.0,3780.0,2024-06-17,2.0,True,0.25,0.333,11,4,93.4,critical
T0243,Angela,Carter,P046,29,2023-12-28,2024-12-22,970.0,1940.0,2023-12-28,3.7,False,0.083,0.083,-161,10,71.0,critical
T0244,Dorothy,Martinez,P038,147,2023-10-30,2025-10-19,2160.0,3240.0,2023-10-30,4.2,True,0.417,0.0,140,2,50.8,high
T0245,Stephen,Harris,P005,4,2024-03-11,2025-03-06,2230.0,2230.0,2024-03-11,3.7,False,0.083,0.083,-87,2,57.5,high
T0246,George,Garcia,P009,104,2023-11-05,2025-10-25,2020.0,2020.0,2023-11-05,4.2,False,0.083,0.0,146,0,30.8,medium
T0247,Sarah,Lopez,P025,22,2022-12-30,2023-06-28,1180.0,1180.0,2022-12-30,4.1,False,0.143,0.0,-704,3,55.3,high
T0248,Samantha,Jones,P050,79,2024-03-01,2025-02-24,1110.0,1665.0,2024-03-01,3.4,False,0.25,0.0,-97,4,67.0,high
T0249,Jason,Sanchez,P025,38,2024-11-27,2025-05-26,1080.0,1080.0,2024-11-27,4.7,False,0.429,0.0,-6,5,68.6,high
T0250,Amy,Wilson,P005,36,2022-09-22,2024-09-11,3180.0,3180.0,2022-09-22,4.4,False,0.167,0.0,-263,7,63.3,high
T0251,Daniel,Hill,P030,10,2023-09-27,2024-09-21,10700.0,21400.0,2023-09-27,4.3,False,0.167,0.0,-253,6,61.7,high
T0252,Donna,Smith,P028,120,2023-02-20,2025-02-09,3060.0,3060.0,2023-02-20,3.8,False,0.083,0.0,-112,1,50.1,high
T0253,Nicholas,Robinson,P013,34,2024-03-28,2026-03-18,1950.0,2925.0,2024-03-28,4.0,False,0.0,0.0,290,6,27.6,medium
T0254,Brian,Hall,P007,79,2022-07-06,2023-07-01,2250.0,4500.0,2022-07-06,4.8,False,0.083,0.0,-701,7,56.8,high
T0255,Shirley,Thomas,P015,24,2024-03-11,2026-03-01,2730.0,2730.0,2024-03-11,4.7,False,0.25,0.0,273,6,35.8,medium
T0256,Joseph,Sanchez,P022,141,2024-06-03,2025-05-29,2970.0,5940.0,2024-06-03,4.2,False,0.0,0.0,-3,2,45.9,high
T0257,Stephanie,Nelson,P029,84,2023-05-06,2024-04-30,3080.0,3080.0,2023-05-06,4.2,False,0.167,0.0,-397,9,66.9,high
T0258,Sandra,White,P005,12,2023-03-21,2024-03-15,2520.0,2520.0,2023-03-21,4.5,False,0.0,0.0,-443,5,50.6,high
T0259,Mark,Allen,P012,150,2024-10-30,2025-10-25,2650.0,2650.0,2024-10-30,3.2,False,0.222,0.0,146,3,50.5,high
T0260,Anthony,Sanchez,P050,17,2022-05-30,2023-05-25,1990.0,1990.0,2022-05-30,4.4,False,0.083,0.0,-738,2,48.3,high
T0261,Nicholas,Robinson,P032,82,2022-08-23,2023-08-18,970.0,970.0,2022-08-23,4.4,False,0.083,0.0,-653,6,57.3,high
T0262,Daniel,Hernandez,P023,22,2023-05-12,2024-05-06,2800.0,2800.0,2023-05-12,4.6,False,0.167,0.0,-391,2,50.7,high
T0263,Kimberly,Jones,P032,103,2022-12-29,2023-12-24,2320.0,4640.0,2022-12-29,4.4,False,0.083,0.0,-525,3,50.5,high
T0264,Michael,Baker,P038,112,2023-07-14,2024-07-08,2670.0,5340.0,2023-07-14,3.2,False,0.167,0.0,-328,2,60.1,high
T0265,Betty,Harris,P022,139,2022-04-08,2024-03-28,1440.0,2880.0,2022-04-08,4.4,False,0.333,0.0,-430,4,64.0,high
T0266,Donna,Thomas,P010,48,2022-04-18,2024-04-07,1640.0,2460.0,2022-04-18,4.2,True,0.25,0.083,-420,3,63.9,high
T0267,Maria,Perez,P003,18,2023-02-14,2023-08-13,2990.0,2990.0,2023-02-14,1.6,True,0.286,0.429,-658,1,97.2,critical
T0268,Kimberly,Campbell,P031,46,2022-05-10,2023-05-05,2480.0,2480.0,2022-05-10,3.0,False,0.0,0.083,-758,6,67.5,high
T0269,Anthony,Flores,P032,16,2024-11-15,2025-05-14,1050.0,1050.0,2024-11-15,3.5,False,0.0,0.0,-18,4,55.1,high
T0270,Cynthia,Lee,P035,16,2024-03-20,2025-03-15,11300.0,11300.0,2024-03-20,3.3,False,0.083,0.0,-78,2,55.7,high
T0271,William,Nelson,P014,30,2023-10-10,2024-04-07,980.0,1470.0,2023-10-10,3.8,False,0.0,0.0,-420,2,48.6,high
T0272,George,Roberts,P010,69,2024-01-26,2024-07-24,2410.0,4820.0,2024-01-26,2.3,True,0.857,0.143,-312,1,100,critical
T0273,Kimberly,Taylor,P005,14,2022-07-28,2024-07-17,2070.0,2070.0,2022-07-28,4.8,False,0.0,0.0,-319,5,48.6,high
T0274,Joshua,Nelson,P007,10,2024-03-06,2025-03-01,2300.0,3450.0,2024-03-06,4.2,False,0.083,0.0,-92,9,63.1,high
T0275,Helen,Green,P045,27,2022-02-06,2024-01-27,1100.0,2200.0,2022-02-06,3.8,False,0.0,0.0,-491,7,59.9,high
T0276,Sandra,Martin,P037,150,2022-01-28,2023-01-23,1470.0,1470.0,2022-01-28,4.2,True,0.083,0.5,-860,4,81.1,critical
T0277,Nicole,Jackson,P040,52,2023-05-14,2025-05-03,2610.0,2610.0,2023-05-14,3.1,False,0.167,0.0,-29,4,65.3,high
T0278,Ryan,Mitchell,P037,96,2023-02-23,2023-08-22,1290.0,1935.0,2023-02-23,4.4,False,0.143,0.143,-649,1,56.4,high
T0279,Kenneth,Carter,P026,2,2023-10-13,2024-04-10,1250.0,1250.0,2023-10-13,5.0,False,0.143,0.0,-417,5,53.7,high
T0280,Amanda,Baker,P028,26,2023-11-10,2024-11-04,1470.0,2940.0,2023-11-10,4.0,False,0.083,0.0,-209,3,53.2,high
T0281,James,Jones,P018,4,2024-02-21,2026-02-10,2570.0,3855.0,2024-02-21,3.8,False,0.083,0.0,254,6,36.3,medium
T0282,Mark,Rodriguez,P031,59,2023-01-30,2023-07-29,1110.0,1110.0,2023-01-30,3.1,False,0.286,0.0,-673,3,68.4,high
T0283,Pamela,Martin,P022,20,2023-02-23,2024-02-18,1340.0,1340.0,2023-02-23,3.7,False,0.25,0.083,-469,6,74.0,critical
T0284,Kenneth,Torres,P037,71,2023-05-17,2024-05-11,2570.0,3855.0,2023-05-17,3.3,False,0.083,0.083,-386,8,73.7,critical
T0285,Edward,Sanchez,P021,97,2023-02-17,2024-02-12,3130.0,4695.0,2023-02-17,3.9,False,0.0,0.0,-475,2,47.9,high
T0286,Ashley,Walker,P018,64,2024-06-22,2025-06-17,1330.0,1330.0,2024-06-22,4.1,True,0.5,0.167,16,4,81.0,critical
T0287,Stephen,Martinez,P003,58,2024-05-25,2024-11-21,2660.0,5320.0,2024-05-25,4.8,False,0.0,0.0,-192,0,37.4,medium
T0288,Ronald,Scott,P025,61,2023-06-11,2024-06-05,2580.0,5160.0,2023-06-11,3.8,False,0.083,0.0,-361,3,54.6,high
T0289,Anthony,Smith,P041,1,2023-11-14,2024-11-08,6800.0,6800.0,2023-11-14,3.2,False,0.167,0.083,-205,2,64.6,high
T0290,Timothy,Mitchell,P005,102,2024-02-06,2025-01-31,2890.0,4335.0,2024-02-06,3.7,False,0.167,0.0,-121,5,63.5,high
T0291,Sandra,Harris,P038,40,2023-09-23,2025-09-12,1810.0,3620.0,2023-09-23,4.7,False,0.083,0.0,103,3,38.4,medium
T0292,Nicholas,Green,P015,19,2024-06-12,2025-06-07,1320.0,2640.0,2024-06-12,3.6,False,0.167,0.0,6,4,61.4,high
T0293,Amanda,Walker,P031,129,2022-04-29,2023-04-24,1780.0,1780.0,2022-04-29,4.4,False,0.167,0.0,-769,6,61.0,high
T0294,Melissa,Hill,P034,11,2024-01-11,2024-07-09,3020.0,4530.0,2024-01-11,4.2,False,0.143,0.0,-327,5,59.1,high
T0295,Daniel,Smith,P043,29,2022-10-29,2023-10-24,11400.0,11400.0,2022-10-29,4.1,False,0.083,0.0,-586,6,59.3,high
T0296,Richard,King,P049,46,2024-02-27,2025-02-21,2680.0,2680.0,2024-02-27,4.9,False,0.0,0.0,-100,7,52.4,high
T0297,Stephen,Nelson,P007,153,2022-12-06,2023-12-01,2920.0,4380.0,2022-12-06,3.5,False,0.083,0.0,-548,3,56.6,high
T0298,Brian,Martinez,P031,119,2024-04-22,2024-10-19,2270.0,3405.0,2024-04-22,4.1,False,0.0,0.0,-225,2,46.6,high
T0299,Nicholas,Smith,P012,11,2024-03-26,2025-03-21,2630.0,2630.0,2024-03-26,2.1,True,0.167,0.083,-72,8,85.6,critical
T0300,Anna,Hernandez,P002,97,2024-05-05,2026-04-25,1110.0,1110.0,2024-05-05,3.4,False,0.167,0.0,328,2,26.4,medium
T0301,Thomas,Lewis,P040,174,2022-10-03,2023-09-28,1790.0,3580.0,2022-10-03,3.9,False,0.083,0.0,-612,4,56.2,high
T0302,Anthony,Taylor,P002,116,2023-01-16,2024-01-11,2780.0,4170.0,2023-01-16,2.1,True,0.25,0.167,-507,4,84.8,critical
T0303,Sandra,Moore,P044,3,2022-08-12,2023-08-07,3100.0,3100.0,2022-08-12,3.0,False,0.0,0.0,-664,8,67.5,high
T0304,Maria,Brown,P002,111,2023-04-26,2024-04-20,1720.0,2580.0,2023-04-26,4.5,False,0.083,0.083,-407,2,52.1,high
T0305,Michelle,King,P029,55,2022-01-15,2024-01-05,2640.0,2640.0,2022-01-15,2.9,False,0.0,0.0,-513,4,59.2,high
T0306,Sharon,Hill,P049,40,2024-12-01,2025-11-26,1800.0,2700.0,2024-12-01,3.8,False,0.286,0.0,178,2,43.9,medium
T0307,Angela,Harris,P014,69,2023-12-04,2024-11-28,1710.0,3420.0,2023-12-04,4.9,False,0.083,0.0,-185,6,53.9,high
T0308,Angela,Campbell,P014,80,2023-12-31,2024-12-25,1080.0,1080.0,2023-12-31,2.8,False,0.167,0.083,-158,3,69.6,high
T0309,Amanda,White,P038,90,2022-09-09,2024-08-29,1010.0,1515.0,2022-09-09,4.3,False,0.083,0.0,-276,3,51.2,high
T0310,Laura,Johnson,P016,86,2024-08-31,2026-08-21,2340.0,4680.0,2024-08-31,3.2,False,0.091,0.0,446,7,32.0,medium
T0311,Nicholas,Sanchez,P031,34,2022-04-04,2023-03-30,1760.0,3520.0,2022-04-04,3.3,False,0.083,0.0,-794,3,58.0,high
T0312,Gary,Nelson,P019,20,2022-06-16,2023-06-11,2330.0,4660.0,2022-06-16,4.8,False,0.083,0.0,-721,2,45.6,high
T0313,Jonathan,Torres,P012,118,2024-02-28,2025-02-22,2990.0,5980.0,2024-02-28,4.4,False,0.0,0.083,-99,8,62.6,high
T0314,Pamela,Hernandez,P032,47,2022-09-19,2023-09-14,2090.0,3135.0,2022-09-19,3.5,False,0.167,0.0,-626,5,64.9,high
T0315,Nancy,Miller,P047,52,2024-09-14,2026-09-04,3100.0,4650.0,2024-09-14,3.3,False,0.3,0.0,460,1,27.2,medium
T0316,Amy,Roberts,P038,42,2022-03-01,2023-02-24,3190.0,4785.0,2022-03-01,3.5,False,0.167,0.0,-828,7,69.4,high
T0317,Dorothy,Wright,P040,147,2023-06-12,2024-06-06,1450.0,2900.0,2023-06-12,4.3,False,0.083,0.083,-360,1,51.2,high
T0318,William,Adams,P028,45,2022-07-05,2023-06-30,2580.0,3870.0,2022-07-05,4.8,False,0.083,0.0,-702,1,43.3,medium
T0319,Carol,Anderson,P005,24,2024-02-21,2026-02-10,1800.0,2700.0,2024-02-21,3.8,False,0.0,0.0,254,2,23.5,medium
T0320,Anthony,Mitchell,P036,6,2022-06-29,2022-12-26,3200.0,3200.0,2022-06-29,4.4,False,0.143,0.0,-888,3,53.2,high
T0321,James,Martin,P048,40,2022-09-18,2023-09-13,2240.0,2240.0,2022-09-18,4.1,False,0.25,0.0,-627,6,66.8,high
T0322,Edward,Baker,P006,8,2023-01-24,2024-01-19,2280.0,2280.0,2023-01-24,3.5,False,0.0,0.0,-499,2,50.6,high
T0323,Jacob,Lee,P014,31,2023-03-31,2023-09-27,2120.0,2120.0,2023-03-31,4.0,False,0.0,0.0,-613,5,54.0,high
T0324,Kenneth,Martinez,P039,18,2023-08-31,2024-08-25,10200.0,20400.0,2023-08-31,3.8,False,0.083,0.083,-280,3,59.1,high
T0325,Sandra,Moore,P010,26,2022-03-12,2024-03-01,2450.0,4900.0,2022-03-12,3.9,False,0.0,0.0,-457,3,50.2,high
T0326,Lisa,Perez,P006,6,2023-03-18,2024-03-12,2240.0,2240.0,2023-03-18,4.9,False,0.25,0.083,-446,2,56.9,high
T0327,Matthew,Young,P005,8,2023-03-08,2024-03-02,2810.0,5620.0,2023-03-08,2.9,False,0.0,0.0,-456,5,61.4,high
T0328,Gary,Thompson,P031,14,2022-11-23,2023-05-22,1830.0,2745.0,2022-11-23,3.5,False,0.143,0.0,-741,2,57.1,high
T0329,Timothy,Miller,P031,133,2023-08-03,2024-07-28,1830.0,1830.0,2023-08-03,3.2,False,0.167,0.167,-308,6,78.1,critical
T0330,Dorothy,Lewis,P016,101,2022-04-21,2023-04-16,1680.0,3360.0,2022-04-21,3.2,False,0.0,0.083,-777,8,70.7,critical
T0331,Maria,White,P036,7,2022-10-24,2023-10-19,6800.0,13600.0,2022-10-24,4.4,False,0.083,0.083,-591,8,66.3,high
T0332,Kimberly,Brown,P029,76,2022-07-28,2023-07-23,2880.0,2880.0,2022-07-28,5.0,False,0.083,0.083,-679,8,62.2,high
T0333,Sharon,Nguyen,P014,153,2024-08-28,2025-08-23,1750.0,2625.0,2024-08-28,3.9,False,0.091,0.091,83,7,60.0,high
T0334,Nicholas,Martin,P018,49,2024-04-07,2025-04-02,3130.0,6260.0,2024-04-07,2.3,True,0.167,0.083,-60,0,66.2,high
T0335,Nancy,Roberts,P031,124,2022-12-20,2023-12-15,2290.0,3435.0,2022-12-20,5.0,False,0.0,0.083,-534,1,42.8,medium
T0336,Maria,Davis,P006,14,2024-02-22,2025-02-16,2900.0,2900.0,2024-02-22,3.8,False,0.0,0.0,-105,2,48.6,high
T0337,Emma,Moore,P032,86,2024-09-28,2026-09-18,1140.0,2280.0,2024-09-28,4.1,False,0.0,0.1,474,6,25.0,medium
T0338,Anna,Martin,P033,39,2023-01-06,2024-01-01,4400.0,8800.0,2023-01-06,4.2,False,0.25,0.083,-517,1,59.4,high
T0339,Stephen,Lopez,P012,33,2023-10-29,2024-04-26,1230.0,1845.0,2023-10-29,4.7,False,0.0,0.0,-401,1,40.3,medium
T0340,Samantha,Young,P014,97,2022-02-10,2023-02-05,2780.0,2780.0,2022-02-10,4.0,False,0.25,0.0,-847,8,72.0,critical
T0341,Emily,Hill,P040,158,2022-09-12,2023-09-07,2120.0,4240.0,2022-09-12,4.8,False,0.0,0.167,-633,6,59.9,high
T0342,Mark,Adams,P037,78,2024-07-04,2025-06-29,1350.0,1350.0,2024-07-04,2.0,True,0.583,0.0,28,8,97.7,critical
T0343,George,White,P049,11,2023-06-10,2023-12-07,1150.0,2300.0,2023-06-10,3.1,False,0.143,0.0,-542,6,68.8,high
T0344,Jonathan,Jackson,P039,36,2022-01-01,2022-12-27,3700.0,7400.0,2022-01-01,4.9,False,0.167,0.0,-887,0,44.2,medium
T0345,Cynthia,Hill,P022,113,2022-10-14,2024-10-03,2150.0,4300.0,2022-10-14,3.5,False,0.083,0.167,-241,2,63.4,high
T0346,George,Wilson,P028,25,2022-07-22,2023-01-18,2100.0,2100.0,2022-07-22,3.2,False,0.286,0.0,-865,7,76.8,critical
T0347,Jeffrey,Jones,P043,6,2023-03-19,2025-03-08,8000.0,16000.0,2023-03-19,3.1,False,0.0,0.0,-85,1,51.1,high
T0348,Steven,Baker,P045,69,2024-02-21,2025-02-15,1520.0,2280.0,2024-02-21,3.0,False,0.083,0.0,-106,5,64.5,high
T0349,Andrew,Green,P009,92,2022-10-21,2024-10-10,3070.0,6140.0,2022-10-21,4.2,False,0.083,0.0,-234,2,49.6,high
T0350,Daniel,Clark,P028,18,2024-02-02,2026-01-22,2400.0,2400.0,2024-02-02,4.6,False,0.083,0.0,235,3,26.0,medium
T0351,Karen,Moore,P008,8,2024-06-07,2025-06-02,5200.0,5200.0,2024-06-07,3.6,True,0.333,0.167,1,4,78.4,critical
T0352,Kevin,Roberts,P012,1,2024-04-13,2024-10-10,2150.0,3225.0,2024-04-13,3.0,False,0.143,0.0,-234,5,67.2,high
T0353,Donald,Harris,P022,12,2023-04-08,2024-04-02,1280.0,1280.0,2023-04-08,2.8,True,0.167,0.083,-425,2,67.3,high
T0354,Nicholas,Miller,P014,4,2022-09-10,2023-09-05,2710.0,5420.0,2022-09-10,4.7,False,0.0,0.0,-635,6,51.5,high
T0355,Robert,Hernandez,P013,29,2023-08-01,2025-07-21,1740.0,2610.0,2023-08-01,1.8,True,0.083,0.083,50,5,72.2,critical
T0356,Stephen,Scott,P030,8,2024-03-08,2025-03-03,11500.0,23000.0,2024-03-08,4.4,False,0.167,0.0,-90,8,65.5,high
T0357,Helen,Rivera,P037,131,2024-04-04,2025-03-30,2930.0,2930.0,2024-04-04,3.4,False,0.0,0.0,-63,2,51.3,high
T0358,Kathleen,Rivera,P043,30,2022-10-20,2023-10-15,8600.0,8600.0,2022-10-20,3.4,False,0.0,0.083,-595,7,67.0,high
T0359,Pamela,Allen,P002,93,2024-05-06,2025-05-01,2480.0,3720.0,2024-05-06,5.0,False,0.167,0.0,-31,4,52.5,high
T0360,Carol,Martin,P002,115,2024-05-26,2026-05-16,1570.0,3140.0,2024-05-26,4.7,False,0.25,0.083,349,4,28.4,medium
T0361,Richard,Jones,P037,87,2023-09-18,2024-09-12,2880.0,5760.0,2023-09-18,4.7,False,0.083,0.167,-262,3,57.5,high
T0362,Kenneth,Scott,P001,3,2022-07-11,2023-07-06,4400.0,6600.0,2022-07-11,3.0,False,0.083,0.0,-696,9,71.2,critical
T0363,Dorothy,Walker,P004,11,2022-01-22,2023-01-17,2770.0,4155.0,2022-01-22,4.9,False,0.083,0.083,-866,2,49.4,high
T0364,James,Rivera,P037,143,2022-09-13,2023-09-08,2110.0,3165.0,2022-09-13,2.2,True,0.167,0.25,-632,4,84.9,critical
T0365,Samantha,Baker,P010,57,2023-12-08,2024-12-02,2530.0,5060.0,2023-12-08,4.3,False,0.083,0.0,-181,10,62.5,high
T0366,Donald,Lopez,P021,12,2024-07-07,2025-07-02,1050.0,1050.0,2024-07-07,4.0,False,0.083,0.0,31,1,45.7,high
T0367,Nicole,Harris,P032,116,2022-10-01,2024-09-20,1780.0,1780.0,2022-10-01,2.9,False,0.333,0.0,-254,2,69.7,high
T0368,Katherine,Roberts,P010,41,2022-08-20,2023-08-15,1790.0,1790.0,2022-08-20,3.3,False,0.083,0.0,-656,3,58.0,high
T0369,Timothy,Wilson,P005,31,2024-09-16,2025-09-11,1600.0,2400.0,2024-09-16,2.8,False,0.3,0.0,102,4,63.3,high
T0370,Nicholas,Brown,P032,52,2024-11-21,2025-05-20,3040.0,4560.0,2024-11-21,4.8,False,0.143,0.0,-12,3,50.5,high
T0371,Brian,Campbell,P010,5,2024-07-31,2025-07-26,960.0,960.0,2024-07-31,1.9,True,0.333,0.083,55,9,89.0,critical
T0372,Samantha,Allen,P014,114,2022-01-19,2022-07-18,1850.0,1850.0,2022-01-19,3.2,False,0.143,0.0,-1049,4,63.6,high
T0373,Donald,Walker,P009,19,2024-09-25,2025-03-24,1870.0,2805.0,2024-09-25,4.2,False,0.0,0.143,-69,2,53.6,high
T0374,Andrew,Miller,P007,24,2024-01-17,2025-01-11,1790.0,2685.0,2024-01-17,4.0,False,0.0,0.0,-141,6,56.2,high
T0375,James,Thompson,P012,61,2024-06-18,2025-06-13,2430.0,4860.0,2024-06-18,4.1,True,0.167,0.083,12,6,66.4,high
T0376,Kevin,Williams,P020,28,2023-01-24,2024-01-19,1400.0,1400.0,2023-01-24,2.9,True,0.25,0.25,-499,7,90.7,critical
T0377,Nicole,Baker,P012,68,2024-09-08,2025-09-03,2450.0,4900.0,2024-09-08,3.9,False,0.1,0.0,94,8,56.7,high
T0378,Amy,Rodriguez,P037,20,2024-03-29,2026-03-19,1240.0,1240.0,2024-03-29,4.4,False,0.0,0.0,291,4,20.3,low
T0379,Paul,Brown,P050,28,2022-02-13,2023-02-08,3100.0,6200.0,2022-02-13,3.9,False,0.167,0.0,-844,4,59.9,high
T0380,Stephanie,Jackson,P033,20,2024-05-29,2026-05-19,4800.0,7200.0,2024-05-29,3.8,False,0.083,0.0,352,3,19.9,low
T0381,Emily,Thomas,P016,28,2024-05-28,2025-05-23,1140.0,1710.0,2024-05-28,4.4,False,0.083,0.0,-9,1,46.0,high
T0382,Gary,Rivera,P021,51,2023-06-24,2024-06-18,2680.0,2680.0,2023-06-24,3.7,False,0.083,0.0,-348,5,59.8,high
T0383,Ashley,Anderson,P040,139,2024-10-25,2026-10-15,2530.0,2530.0,2024-10-25,5.0,False,0.222,0.111,501,6,29.5,medium
T0384,Jeffrey,Johnson,P040,15,2022-03-20,2023-03-15,1250.0,2500.0,2022-03-20,4.8,False,0.083,0.167,-809,8,68.1,high
T0385,Carol,Anderson,P007,155,2022-04-15,2023-04-10,1400.0,2100.0,2022-04-15,3.5,False,0.0,0.0,-783,5,57.4,high
T0386,Thomas,Moore,P028,87,2022-05-06,2024-04-25,1910.0,2865.0,2022-05-06,2.9,False,0.083,0.0,-402,4,62.9,high
T0387,Emily,Williams,P037,18,2023-12-20,2024-12-14,1580.0,1580.0,2023-12-20,4.8,False,0.0,0.0,-169,5,48.6,high
T0388,Joseph,Ramirez,P031,126,2023-10-21,2024-10-15,1070.0,1070.0,2023-10-21,3.4,False,0.083,0.0,-229,6,64.0,high
T0389,Maria,Baker,P022,104,2024-10-03,2025-09-28,1520.0,3040.0,2024-10-03,3.0,False,0.0,0.0,119,2,42.3,medium
T0390,Samantha,Hill,P021,48,2022-09-24,2023-09-19,2680.0,4020.0,2022-09-24,4.6,False,0.167,0.0,-621,7,61.9,high
T0391,Betty,Rodriguez,P045,59,2023-07-20,2024-07-14,1490.0,2980.0,2023-07-20,3.0,False,0.083,0.0,-322,4,62.2,high
T0392,Anthony,Gonzalez,P014,74,2022-09-04,2023-03-03,2620.0,5240.0,2022-09-04,4.8,False,0.143,0.0,-821,5,55.0,high
T0393,George,Campbell,P012,7,2022-07-22,2023-01-18,1950.0,2925.0,2022-07-22,4.2,False,0.286,0.0,-865,5,65.5,high
T0394,Anthony,Clark,P037,141,2023-02-18,2025-02-07,3180.0,6360.0,2023-02-18,2.9,False,0.0,0.0,-114,6,63.7,high
T0395,Anna,Jones,P021,110,2023-12-13,2024-12-07,2550.0,3825.0,2023-12-13,4.4,False,0.0,0.083,-176,4,53.6,high
T0396,Charles,Jackson,P032,64,2024-10-28,2025-04-26,1890.0,1890.0,2024-10-28,3.4,False,0.143,0.0,-36,6,66.7,high
T0397,Stephen,Allen,P037,66,2022-05-05,2023-04-30,3100.0,3100.0,2022-05-05,3.7,False,0.083,0.0,-763,5,59.8,high
T0398,Andrew,Wilson,P002,36,2024-11-09,2025-11-04,1320.0,1320.0,2024-11-09,3.7,False,0.0,0.0,156,6,42.9,medium
T0399,Helen,Robinson,P031,45,2023-03-23,2025-03-12,960.0,1920.0,2023-03-23,4.7,False,0.083,0.0,-81,2,46.3,high
T0400,Andrew,Scott,P022,95,2023-06-15,2024-06-09,2540.0,2540.0,2023-06-15,3.5,False,0.0,0.0,-357,4,55.1,high
T0401,Christopher,Moore,P028,117,2022-04-04,2024-03-24,1330.0,1330.0,2022-04-04,2.9,False,0.083,0.0,-434,3,60.7,high
T0402,Thomas,Smith,P032,56,2022-04-16,2023-04-11,1560.0,3120.0,2022-04-16,3.3,False,0.083,0.0,-782,7,67.0,high
T0403,Melissa,Campbell,P012,110,2024-01-26,2025-01-20,1730.0,1730.0,2024-01-26,4.4,False,0.333,0.0,-132,2,59.5,high
T0404,Maria,Thompson,P029,3,2023-08-27,2024-08-21,1870.0,1870.0,2023-08-27,4.2,False,0.083,0.0,-284,3,51.9,high
T0405,Betty,Campbell,P007,107,2023-07-27,2024-07-21,2590.0,5180.0,2023-07-27,2.8,False,0.083,0.0,-315,4,63.6,high
T0406,Donald,Lee,P040,75,2023-06-12,2025-06-01,2500.0,3750.0,2023-06-12,4.4,True,0.333,0.083,0,6,73.0,critical
T0407,Anna,White,P002,63,2024-03-20,2025-03-15,1410.0,1410.0,2024-03-20,4.4,False,0.167,0.0,-78,3,54.3,high
T0408,Matthew,Gonzalez,P037,135,2022-07-11,2023-07-06,2980.0,5960.0,2022-07-11,3.2,False,0.083,0.0,-696,1,54.1,high
T0409,Matthew,Sanchez,P018,21,2023-01-05,2023-12-31,2050.0,4100.0,2023-01-05,2.1,True,0.083,0.5,-518,6,99.8,critical
T0410,Angela,Miller,P039,19,2022-05-23,2023-05-18,8100.0,16200.0,2022-05-23,3.3,False,0.333,0.083,-745,3,73.7,critical
T0411,Thomas,Smith,P040,177,2022-01-25,2024-01-15,2140.0,4280.0,2022-01-25,3.6,False,0.167,0.0,-503,4,61.9,high
T0412,Maria,Smith,P010,73,2022-09-28,2023-09-23,3050.0,3050.0,2022-09-28,3.4,False,0.167,0.0,-617,7,70.0,critical
T0413,Ryan,Hernandez,P009,49,2023-11-25,2024-05-23,2170.0,3255.0,2023-11-25,3.9,False,0.143,0.0,-374,9,67.9,high
T0414,Katherine,Davis,P018,68,2022-11-13,2023-11-08,1700.0,1700.0,2022-11-13,3.9,True,0.167,0.083,-571,3,62.2,high
T0415,Shirley,Martinez,P028,46,2022-07-30,2024-07-19,2810.0,2810.0,2022-07-30,3.9,False,0.083,0.0,-317,4,56.2,high
T0416,Kenneth,Anderson,P007,165,2022-02-19,2023-02-14,3000.0,6000.0,2022-02-19,3.1,False,0.083,0.0,-838,4,61.6,high
T0417,Betty,Jackson,P004,9,2022-08-19,2023-08-14,1820.0,2730.0,2022-08-19,3.0,False,0.333,0.083,-657,7,84.8,critical
T0418,Richard,Williams,P007,26,2023-11-15,2024-05-13,1120.0,2240.0,2023-11-15,4.8,False,0.429,0.0,-384,2,61.1,high
T0419,Jeffrey,Martinez,P047,32,2024-05-27,2026-05-17,1290.0,2580.0,2024-05-27,3.2,False,0.083,0.0,350,3,24.1,medium
T0420,Nicole,Nelson,P012,134,2023-08-11,2024-08-05,2500.0,3750.0,2023-08-11,3.4,False,0.167,0.0,-300,3,61.0,high
T0421,Christopher,Lee,P012,81,2022-06-06,2022-12-03,3050.0,3050.0,2022-06-06,5.0,False,0.143,0.0,-911,9,60.4,high
T0422,Deborah,Martinez,P016,34,2024-09-06,2025-03-05,1830.0,1830.0,2024-09-06,3.7,False,0.0,0.0,-88,5,56.0,high
T0423,Nicole,Ramirez,P020,40,2022-09-19,2023-09-14,1680.0,2520.0,2022-09-19,3.6,False,0.167,0.0,-626,2,57.4,high
T0424,Amanda,Harris,P040,166,2024-04-27,2026-04-17,2510.0,3765.0,2024-04-27,3.5,False,0.0,0.0,320,2,19.1,low
T0425,Richard,Nguyen,P016,114,2024-10-05,2026-09-25,2190.0,4380.0,2024-10-05,3.3,False,0.111,0.0,481,6,30.0,medium
T0426,David,White,P016,10,2023-03-26,2023-09-22,1900.0,3800.0,2023-03-26,2.8,False,0.143,0.0,-618,6,70.8,critical
T0427,Dorothy,Jackson,P018,63,2022-10-01,2023-03-30,2020.0,3030.0,2022-10-01,2.7,True,0.0,0.0,-794,3,58.3,high
T0428,Dorothy,Davis,P038,80,2024-05-12,2025-05-07,1270.0,2540.0,2024-05-12,3.3,False,0.0,0.0,-25,7,63.2,high
T0429,Robert,Hall,P032,76,2024-02-13,2024-08-11,2530.0,2530.0,2024-02-13,3.7,False,0.0,0.0,-294,5,56.0,high
T0430,Sarah,Martinez,P016,69,2022-06-01,2023-05-27,2440.0,3660.0,2022-06-01,4.7,False,0.0,0.0,-736,7,53.8,high
T0431,Shirley,Martinez,P003,31,2023-05-17,2023-11-13,1270.0,1270.0,2023-05-17,4.4,True,0.143,0.0,-566,2,51.0,high
T0432,Jason,Campbell,P023,32,2022-10-14,2024-10-03,6700.0,10050.0,2022-10-14,3.5,False,0.25,0.0,-241,5,68.6,high
T0433,Michael,Hill,P038,60,2022-01-28,2023-01-23,1950.0,1950.0,2022-01-28,2.9,False,0.25,0.0,-860,2,65.9,high
T0434,Jacob,Scott,P016,25,2022-01-23,2023-01-18,2080.0,4160.0,2022-01-23,4.3,False,0.167,0.0,-865,6,61.7,high
T0435,Daniel,Moore,P014,6,2024-10-24,2025-10-19,2820.0,2820.0,2024-10-24,3.7,False,0.333,0.0,140,2,50.5,high
T0436,Timothy,Lopez,P032,29,2022-09-14,2023-09-09,2120.0,4240.0,2022-09-14,2.9,False,0.083,0.167,-631,4,71.9,critical
T0437,Angela,Harris,P043,1,2022-06-08,2023-06-03,11800.0,11800.0,2022-06-08,4.2,False,0.167,0.0,-729,3,55.6,high
T0438,Karen,White,P014,44,2024-01-31,2025-01-25,1070.0,2140.0,2024-01-31,3.0,False,0.167,0.0,-127,1,59.2,high
T0439,Betty,Jones,P007,134,2023-11-19,2024-05-17,2700.0,2700.0,2023-11-19,3.2,False,0.143,0.0,-380,6,68.1,high
T0440,Michael,Thomas,P012,50,2023-09-26,2024-09-20,2290.0,3435.0,2023-09-26,4.2,False,0.25,0.0,-254,4,61.6,high
T0441,Robert,Lee,P032,70,2022-04-02,2024-03-22,1140.0,1140.0,2022-04-02,3.9,False,0.083,0.0,-436,7,62.9,high
T0442,Eric,Gonzalez,P012,119,2022-01-18,2023-01-13,3070.0,4605.0,2022-01-18,4.9,False,0.0,0.0,-870,8,54.7,high
T0443,Jason,Mitchell,P007,147,2023-12-30,2024-12-24,2640.0,5280.0,2023-12-30,3.0,False,0.083,0.083,-159,5,69.0,high
T0444,Michael,Jackson,P048,19,2022-11-04,2023-05-03,1180.0,1180.0,2022-11-04,3.6,False,0.429,0.0,-760,4,73.7,critical
T0445,Carol,Wilson,P027,9,2024-08-06,2025-02-02,1900.0,3800.0,2024-08-06,3.0,False,0.143,0.143,-119,6,77.1,critical
T0446,Jonathan,Roberts,P022,109,2022-11-26,2024-11-15,2420.0,3630.0,2022-11-26,4.4,False,0.0,0.0,-198,1,42.3,medium
T0447,Anna,Williams,P009,20,2022-09-26,2023-09-21,1960.0,3920.0,2022-09-26,4.2,False,0.083,0.0,-619,3,51.9,high
T0448,Karen,Martinez,P040,149,2024-03-04,2025-02-27,2690.0,5380.0,2024-03-04,4.1,False,0.083,0.083,-94,4,59.3,high
T0449,Rebecca,Scott,P028,63,2024-10-15,2025-04-13,2360.0,2360.0,2024-10-15,3.1,False,0.143,0.0,-49,3,62.0,high
T0450,William,Moore,P029,168,2024-07-20,2025-07-15,2070.0,4140.0,2024-07-20,2.5,True,0.25,0.083,44,5,75.5,critical
T0451,Melissa,Walker,P005,80,2022-07-02,2022-12-29,1770.0,2655.0,2022-07-02,4.5,False,0.167,0.0,-885,9,64.9,high
T0452,Edward,Jackson,P040,27,2024-06-24,2025-06-19,2670.0,4005.0,2024-06-24,3.9,False,0.083,0.0,18,5,56.6,high
T0453,Joshua,White,P046,11,2022-09-22,2023-09-17,1870.0,1870.0,2022-09-22,4.7,False,0.333,0.0,-623,6,66.5,high
T0454,Jennifer,Flores,P028,162,2024-11-02,2025-10-28,2480.0,4960.0,2024-11-02,4.7,False,0.125,0.0,149,4,38.0,medium
T0455,Stephanie,Harris,P013,39,2023-05-17,2025-05-06,1080.0,1080.0,2023-05-17,4.5,True,0.333,0.167,-26,3,70.1,critical
T0456,Nancy,Thompson,P040,141,2022-05-30,2023-05-25,2230.0,3345.0,2022-05-30,3.8,False,0.0,0.083,-738,4,57.6,high
T0457,Timothy,Roberts,P002,27,2024-08-10,2025-02-06,2000.0,3000.0,2024-08-10,4.4,False,0.0,0.0,-115,1,42.3,medium
T0458,Nicholas,Wilson,P021,95,2023-11-05,2024-05-03,1400.0,2800.0,2023-11-05,5.0,False,0.143,0.0,-394,9,60.4,high
T0459,Gary,Martinez,P049,38,2022-08-23,2023-08-18,2620.0,5240.0,2022-08-23,4.0,False,0.083,0.0,-653,3,53.2,high
T0460,Edward,Ramirez,P028,56,2022-03-06,2024-02-24,1430.0,2145.0,2022-03-06,2.9,False,0.0,0.0,-463,4,59.2,high
T0461,Andrew,Taylor,P032,55,2023-03-10,2023-09-06,1430.0,2860.0,2023-03-10,4.3,False,0.143,0.0,-634,9,65.2,high
T0462,Brenda,Clark,P021,65,2022-10-18,2023-04-16,1350.0,2700.0,2022-10-18,3.0,False,0.0,0.0,-777,5,60.8,high
T0463,Jeffrey,Perez,P016,43,2023-06-16,2024-06-10,1430.0,2145.0,2023-06-16,3.0,False,0.167,0.083,-356,3,68.2,high
T0464,Daniel,Hall,P007,45,2023-12-17,2024-12-11,1320.0,1980.0,2023-12-17,4.0,False,0.167,0.083,-172,2,59.2,high
T0465,Donna,Jones,P018,96,2024-03-07,2024-09-03,1750.0,3500.0,2024-03-07,4.8,False,0.143,0.0,-271,5,55.0,high
T0466,Joshua,Smith,P021,92,2022-10-24,2023-10-19,2450.0,2450.0,2022-10-24,4.6,False,0.083,0.083,-591,6,60.4,high
T0467,Jason,Taylor,P013,6,2022-10-30,2023-10-25,2970.0,5940.0,2022-10-30,3.0,False,0.0,0.0,-585,3,56.2,high
T0468,Michael,Wilson,P029,65,2024-07-11,2025-07-06,2580.0,5160.0,2024-07-11,4.1,False,0.167,0.0,35,0,46.1,high
T0469,Michelle,Thompson,P010,6,2024-05-10,2026-04-30,3150.0,3150.0,2024-05-10,4.1,False,0.0,0.0,333,3,16.0,low
T0470,Rebecca,Allen,P014,63,2022-01-30,2023-01-25,3090.0,3090.0,2022-01-30,2.8,False,0.083,0.0,-858,4,63.6,high
T0471,Katherine,Ramirez,P022,135,2024-07-22,2025-07-17,2520.0,5040.0,2024-07-22,2.7,True,0.25,0.167,46,7,83.0,critical
T0472,Kathleen,Lopez,P043,5,2023-11-19,2024-05-17,11700.0,23400.0,2023-11-19,3.8,False,0.0,0.0,-380,4,53.1,high
T0473,Anna,Green,P029,120,2024-06-11,2025-06-06,2290.0,3435.0,2024-06-11,3.8,True,0.333,0.167,5,8,85.6,critical
T0474,David,Flores,P020,21,2022-07-23,2023-01-19,2530.0,3795.0,2022-07-23,3.0,False,0.286,0.0,-864,6,75.9,critical
T0475,Stephanie,Clark,P032,97,2022-07-24,2023-07-19,1180.0,1180.0,2022-07-24,4.6,False,0.0,0.083,-683,7,59.0,high
T0476,Gary,Davis,P039,12,2024-07-20,2026-07-10,4200.0,6300.0,2024-07-20,3.2,False,0.167,0.0,404,3,26.4,medium
T0477,Timothy,Smith,P023,8,2024-08-08,2025-08-03,11700.0,17550.0,2024-08-08,4.5,False,0.0,0.0,63,1,35.4,medium
T0478,Rebecca,Clark,P007,177,2024-11-05,2025-10-31,2710.0,5420.0,2024-11-05,4.2,False,0.125,0.0,152,6,45.5,high
T0479,Kathleen,King,P009,56,2024-04-29,2024-10-26,1490.0,2980.0,2024-04-29,2.0,True,0.143,0.0,-218,6,76.2,critical
T0480,Paul,Scott,P032,61,2023-11-18,2024-11-12,2300.0,3450.0,2023-11-18,5.0,False,0.083,0.0,-201,4,48.7,high
T0481,Charles,Green,P002,4,2024-03-16,2024-09-12,1380.0,2070.0,2024-03-16,4.1,False,0.143,0.143,-262,2,60.7,high
T0482,Anna,Anderson,P022,117,2022-12-22,2023-12-17,3150.0,3150.0,2022-12-22,3.9,False,0.083,0.0,-532,6,60.7,high
T0483,Timothy,Carter,P005,26,2022-09-16,2024-09-05,2550.0,5100.0,2022-09-16,4.1,False,0.167,0.083,-269,3,60.8,high
T0484,Anna,Smith,P012,135,2022-11-22,2023-11-17,3010.0,6020.0,2022-11-22,3.0,False,0.167,0.0,-562,4,66.0,high
T0485,Richard,Torres,P034,19,2022-11-10,2023-05-09,2680.0,4020.0,2022-11-10,4.0,False,0.0,0.0,-754,5,54.0,high
T0486,Emily,Thomas,P002,13,2022-09-25,2023-09-20,1010.0,2020.0,2022-09-25,4.5,False,0.0,0.083,-620,8,61.9,high
T0487,Ronald,Roberts,P022,72,2023-09-01,2024-08-26,2970.0,4455.0,2023-09-01,3.3,False,0.083,0.0,-279,1,53.5,high
T0488,Betty,Davis,P023,21,2023-07-18,2024-01-14,8600.0,12900.0,2023-07-18,4.2,False,0.0,0.143,-504,6,62.6,high
T0489,Emily,Garcia,P045,34,2022-09-09,2023-03-08,3040.0,3040.0,2022-09-09,3.4,False,0.429,0.0,-816,6,79.6,critical
T0490,David,Clark,P040,115,2024-01-11,2025-01-05,2060.0,2060.0,2024-01-11,3.9,False,0.0,0.0,-147,3,50.2,high
T0491,Joshua,Green,P028,9,2022-06-06,2023-06-01,2040.0,3060.0,2022-06-06,3.6,False,0.083,0.0,-731,7,64.9,high
T0492,Michael,Davis,P029,38,2023-01-04,2023-12-30,2770.0,4155.0,2023-01-04,2.1,True,0.25,0.167,-519,12,93.8,critical
T0493,Jonathan,Mitchell,P019,19,2024-09-18,2026-09-08,3190.0,4785.0,2024-09-18,2.8,False,0.2,0.0,464,4,32.9,medium
T0494,Helen,Carter,P012,92,2023-01-30,2025-01-19,3030.0,3030.0,2023-01-30,1.6,True,0.25,0.167,-133,3,86.0,critical
T0495,Dorothy,Anderson,P010,79,2024-01-18,2024-07-16,1440.0,1440.0,2024-01-18,2.9,False,0.0,0.0,-320,3,56.9,high
T0496,Nancy,Thompson,P006,17,2022-09-17,2023-09-12,2590.0,5180.0,2022-09-17,3.2,False,0.0,0.0,-628,2,52.6,high
T0497,Helen,Sanchez,P032,119,2023-08-26,2024-08-20,2190.0,2190.0,2023-08-26,3.9,False,0.0,0.0,-285,4,52.4,high
T0498,Rebecca,Hernandez,P037,93,2023-02-10,2024-02-05,1510.0,1510.0,2023-02-10,3.0,False,0.0,0.083,-482,9,72.0,critical
T0499,Andrew,Lee,P022,14,2024-09-26,2025-09-21,3100.0,6200.0,2024-09-26,3.7,False,0.0,0.0,112,1,36.0,medium
T0500,William,Lewis,P038,19,2024-02-24,2025-02-18,1190.0,1190.0,2024-02-24,3.6,False,0.083,0.0,-103,5,60.4,high
